Reading #,Method Name,User Factor Name,Test Label,Grid ID,Latitude,Longitude,Elevation,Pseudo Element Config Name,Date,Time, Units,Mg Compound Level,Mg Compound Error,Mg Concentration,Mg Error 1s,Al Compound,Al Compound Level,Al Compound Error,Al Concentration,Al Error 1s,Si Compound,Si Compound Level,Si Compound Error,Si Concentration,Si Error 1s,P Compound,P Compound Level,P Compound Error,P Concentration,P Error 1s,S Compound,S Compound Level,S Compound Error,S Concentration,S Error 1s,K Compound,K Compound Level,K Compound Error,K Concentration,K Error 1s,Ca Compound,Ca Compound Level,Ca Compound Error,Ca Concentration,Ca Error 1s,Ti Compound,Ti Compound Level,Ti Compound Error,Ti Concentration,Ti Error 1s,V Compound,V Compound Level,V Compound Error,V Concentration,V Error 1s,Cr Compound,Cr Compound Level,Cr Compound Error,Cr Concentration,Cr Error 1s,Mn Compound,Mn Compound Level,Mn Compound Error,Mn Concentration,Mn Error 1s,Fe Compound,Fe Compound Level,Fe Compound Error,Fe Concentration,Fe Error 1s,Co Compound,Co Compound Level,Co Compound Error,Co Concentration,Co Error 1s,Ni Compound,Ni Compound Level,Ni Compound Error,Ni Concentration,Ni Error 1s,Cu Compound,Cu Compound Level,Cu Compound Error,Cu Concentration,Cu Error 1s,Zn Compound,Zn Compound Level,Zn Compound Error,Zn Concentration,Zn Error 1s,As Compound,As Compound Level,As Compound Error,As Concentration,As Error 1s,Se Compound,Se Compound Level,Se Compound Error,Se Concentration,Se Error 1s,Rb Compound,Rb Compound Level,Rb Compound Error,Rb Concentration,Rb Error 1s,Sr Compound,Sr Compound Level,Sr Compound Error,Sr Concentration,Sr Error 1s,Y Compound,Y Compound Level,Y Compound Error,Y Concentration,Y Error 1s,Zr Compound,Zr Compound Level,Zr Compound Error,Zr Concentration,Zr Error 1s,Nb Compound,Nb Compound Level,Nb Compound Error,Nb Concentration,Nb Error 1s,Mo Compound,Mo Compound Level,Mo Compound Error,Mo Concentration,Mo Error 1s,Ag Compound,Ag Compound Level,Ag Compound Error,Ag Concentration,Ag Error 1s,Cd Compound,Cd Compound Level,Cd Compound Error,Cd Concentration,Cd Error 1s,Sn Compound,Sn Compound Level,Sn Compound Error,Sn Concentration,Sn Error 1s,Sb Compound,Sb Compound Level,Sb Compound Error,Sb Concentration,Sb Error 1s,W Compound,W Compound Level,W Compound Error,W Concentration,W Error 1s,Hg Compound,Hg Compound Level,Hg Compound Error,Hg Concentration,Hg Error 1s,Pb Compound,Pb Compound Level,Pb Compound Error,Pb Concentration,Pb Error 1s,Bi Compound,Bi Compound Level,Bi Compound Error,Bi Concentration,Bi Error 1s,Th Compound,Th Compound Level,Th Compound Error,Th Concentration,Th Error 1s,U Compound,U Compound Level,U Compound Error,U Concentration,U Error 1s,LE Compound,LE Compound Level,LE Compound Error,LE Concentration,LE Error 1s,info
1,Geochem(2),,1,CHECK,33.60400009,-101.9049988,1033.430054,,5/7/18,12:23:13,ppm,,,20681,2892,,,,10916,406,,,,7846,116,,,,1546,39,,,,12785,62,,,,11897,56,,,,1089,21,,,,<LOD,376,,,,272,9,,,,153623,479,,,,20894,116,,,,639845,1920,,,,<LOD,84,,,,90881,309,,,,4768,49,,,,<LOD,3,,,,<LOD,2,,,,9,3,,,,<LOD,1,,,,<LOD,1,,,,<LOD,1,,,,<LOD,1,,,,<LOD,1,,,,21087,68,,,,<LOD,3,,,,<LOD,4,,,,120,18,,,,97,23,,,,361,19,,,,<LOD,4,,,,196,13,,,,602,12,,,,<LOD,2,,,,57,6,,,,429,4,
2,Geochem(2),,2,A01,33.60400009,-101.9049988,1033.430054,,5/7/18,12:26:34,ppm,,,<LOD,6066,,,,18206,277,,,,86233,262,,,,<LOD,212,,,,<LOD,108,,,,4175,23,,,,208040,446,,,,1446,48,,,,40,6,,,,32,9,,,,90,7,,,,7230,34,,,,<LOD,37,,,,13,3,,,,12,2,,,,19,1,,,,5,1,,,,1,0,,,,29,1,,,,202,1,,,,10,1,,,,161,1,,,,7,1,,,,5,1,,,,<LOD,22,,,,<LOD,25,,,,<LOD,38,,,,<LOD,50,,,,<LOD,13,,,,4,1,,,,7,1,,,,<LOD,15,,,,14,2,,,,<LOD,7,,,,674020,722,
3,Geochem(2),,3,A02,33.60409927,-101.9039993,1020.349976,,5/7/18,12:29:08,ppm,,,<LOD,3833,,,,15373,258,,,,75332,232,,,,<LOD,231,,,,<LOD,99,,,,3649,21,,,,229166,476,,,,1319,46,,,,45,6,,,,28,8,,,,84,7,,,,6633,31,,,,<LOD,35,,,,13,3,,,,12,2,,,,22,1,,,,6,1,,,,1,0,,,,26,1,,,,211,1,,,,9,1,,,,130,1,,,,6,1,,,,4,1,,,,<LOD,22,,,,<LOD,25,,,,<LOD,38,,,,<LOD,50,,,,<LOD,13,,,,<LOD,8,,,,6,1,,,,<LOD,15,,,,9,2,,,,<LOD,7,,,,667918,710,
4,Geochem(2),,4,A03,33.60409927,-101.9039993,1020.349976,,5/7/18,12:31:08,ppm,,,<LOD,4065,,,,18308,270,,,,84671,253,,,,<LOD,236,,,,<LOD,103,,,,4353,23,,,,206518,433,,,,1442,47,,,,46,6,,,,<LOD,36,,,,90,7,,,,7524,34,,,,<LOD,37,,,,13,3,,,,12,2,,,,21,1,,,,5,1,,,,<LOD,2,,,,29,1,,,,184,1,,,,10,1,,,,163,1,,,,8,1,,,,6,1,,,,<LOD,22,,,,<LOD,25,,,,<LOD,38,,,,<LOD,49,,,,<LOD,13,,,,<LOD,8,,,,7,1,,,,<LOD,15,,,,16,2,,,,<LOD,7,,,,676573,701,
5,Geochem(2),,5,A04,33.60369873,-101.9039993,,,5/7/18,12:34:41,ppm,,,<LOD,4089,,,,22287,274,,,,110193,293,,,,<LOD,233,,,,<LOD,105,,,,4947,24,,,,175145,354,,,,1714,47,,,,66,6,,,,37,8,,,,124,7,,,,7928,33,,,,<LOD,36,,,,18,3,,,,14,2,,,,21,1,,,,4,0,,,,<LOD,2,,,,33,1,,,,148,1,,,,10,0,,,,184,1,,,,7,1,,,,4,1,,,,<LOD,21,,,,<LOD,24,,,,<LOD,36,,,,<LOD,47,,,,<LOD,12,,,,<LOD,8,,,,6,1,,,,<LOD,14,,,,<LOD,11,,,,<LOD,7,,,,677111,678,
6,Geochem(2),,6,A05,33.60409927,-101.9039993,1009.77002,,5/7/18,12:36:38,ppm,,,<LOD,4359,,,,25255,298,,,,128701,340,,,,<LOD,242,,,,<LOD,112,,,,5951,28,,,,167336,350,,,,1821,50,,,,37,6,,,,32,9,,,,116,7,,,,9258,38,,,,<LOD,41,,,,11,3,,,,12,2,,,,23,1,,,,5,1,,,,<LOD,2,,,,35,1,,,,158,1,,,,12,1,,,,171,1,,,,11,1,,,,9,1,,,,<LOD,22,,,,<LOD,25,,,,<LOD,38,,,,<LOD,49,,,,7,2,,,,<LOD,8,,,,8,1,,,,<LOD,15,,,,16,2,,,,<LOD,7,,,,661015,732,
7,Geochem(2),,7,A06,33.60409927,-101.9039993,1004.26001,,5/7/18,12:38:36,ppm,,,4483,1370,,,,21451,274,,,,112153,335,,,,<LOD,235,,,,<LOD,105,,,,5070,25,,,,172673,422,,,,1663,47,,,,33,6,,,,41,8,,,,105,7,,,,7919,35,,,,<LOD,37,,,,12,3,,,,10,2,,,,21,1,,,,5,0,,,,1,0,,,,33,1,,,,165,1,,,,9,0,,,,155,1,,,,7,1,,,,3,1,,,,<LOD,21,,,,<LOD,24,,,,<LOD,36,,,,<LOD,47,,,,8,2,,,,3,1,,,,6,1,,,,<LOD,14,,,,10,2,,,,<LOD,7,,,,673963,1151,
8,Geochem(2),,8,A07,33.60400009,-101.9039993,1000.460022,,5/7/18,12:41:30,ppm,,,<LOD,4497,,,,21745,282,,,,115361,317,,,,<LOD,252,,,,<LOD,117,,,,5497,26,,,,155223,331,,,,1648,48,,,,48,6,,,,43,8,,,,102,7,,,,8321,35,,,,<LOD,38,,,,20,3,,,,13,2,,,,24,1,,,,5,1,,,,<LOD,2,,,,33,1,,,,165,1,,,,8,1,,,,162,1,,,,9,1,,,,5,1,,,,<LOD,21,,,,<LOD,24,,,,<LOD,37,,,,<LOD,48,,,,<LOD,12,,,,5,1,,,,6,1,,,,<LOD,14,,,,8,2,,,,3,1,,,,691546,685,
9,Geochem(2),,9,A08,33.60400009,-101.9039993,987.4539795,,5/7/18,12:44:59,ppm,,,<LOD,4181,,,,22027,277,,,,109279,298,,,,<LOD,242,,,,<LOD,111,,,,5216,25,,,,170389,354,,,,1741,48,,,,52,6,,,,43,8,,,,140,7,,,,8563,36,,,,<LOD,38,,,,15,3,,,,11,2,,,,24,1,,,,5,1,,,,<LOD,2,,,,34,1,,,,175,1,,,,11,1,,,,163,1,,,,7,1,,,,6,1,,,,<LOD,21,,,,<LOD,24,,,,<LOD,37,,,,<LOD,48,,,,<LOD,12,,,,<LOD,8,,,,7,1,,,,<LOD,14,,,,9,2,,,,3,1,,,,682080,686,
10,Geochem(2),,10,A09,33.60409927,-101.9039993,989.3239746,,5/7/18,12:47:35,ppm,,,<LOD,3635,,,,10858,245,,,,52520,192,,,,<LOD,239,,,,<LOD,99,,,,2768,20,,,,263176,579,,,,1065,46,,,,43,6,,,,30,9,,,,88,7,,,,5344,30,,,,<LOD,34,,,,14,3,,,,10,2,,,,17,1,,,,3,1,,,,<LOD,2,,,,21,1,,,,182,1,,,,9,1,,,,130,1,,,,7,1,,,,9,1,,,,<LOD,24,,,,<LOD,27,,,,<LOD,41,,,,<LOD,54,,,,9,2,,,,4,1,,,,6,1,,,,<LOD,16,,,,16,2,,,,4,1,,,,663667,756,
11,Geochem(2),,11,A10,33.60400009,-101.9039993,983.5200195,,5/7/18,12:49:47,ppm,,,<LOD,5505,,,,16880,256,,,,82799,244,,,,<LOD,229,,,,<LOD,99,,,,4036,22,,,,224864,464,,,,1278,45,,,,44,6,,,,34,9,,,,110,7,,,,6895,32,,,,<LOD,36,,,,19,3,,,,10,2,,,,20,1,,,,4,1,,,,<LOD,2,,,,26,1,,,,194,1,,,,8,1,,,,139,1,,,,5,1,,,,4,1,,,,<LOD,22,,,,<LOD,25,,,,<LOD,38,,,,<LOD,49,,,,7,2,,,,<LOD,8,,,,6,1,,,,<LOD,15,,,,16,2,,,,<LOD,7,,,,662600,715,
12,Geochem(2),,12,B01,33.60400009,-101.9039993,978.3519897,,5/7/18,12:52:49,ppm,,,<LOD,4150,,,,27175,297,,,,114846,312,,,,<LOD,209,,,,120,14,,,,5831,27,,,,167886,352,,,,2333,53,,,,81,7,,,,38,9,,,,179,8,,,,11823,44,,,,<LOD,45,,,,23,3,,,,15,2,,,,27,1,,,,6,1,,,,1,0,,,,36,1,,,,162,1,,,,10,1,,,,141,1,,,,8,1,,,,5,1,,,,<LOD,21,,,,<LOD,24,,,,<LOD,37,,,,<LOD,48,,,,<LOD,12,,,,5,1,,,,8,1,,,,<LOD,14,,,,13,2,,,,<LOD,7,,,,669229,718,
13,Geochem(2),,13,B02,33.60400009,-101.9039993,978.6519775,,5/7/18,12:54:40,ppm,,,<LOD,6863,,,,23936,299,,,,89663,277,,,,<LOD,222,,,,231,14,,,,5375,26,,,,178262,399,,,,2281,55,,,,104,7,,,,39,9,,,,127,8,,,,11170,45,,,,<LOD,46,,,,19,3,,,,16,2,,,,38,1,,,,5,1,,,,1,0,,,,40,1,,,,175,1,,,,13,1,,,,193,1,,,,11,1,,,,7,1,,,,<LOD,23,,,,<LOD,25,,,,<LOD,39,,,,<LOD,50,,,,<LOD,13,,,,<LOD,9,,,,10,1,,,,<LOD,15,,,,19,2,,,,3,1,,,,688261,727,
14,Geochem(2),,14,B03,33.60400009,-101.9039993,979.1019897,,5/7/18,12:56:58,ppm,,,<LOD,5459,,,,32662,332,,,,136583,375,,,,119,36,,,,158,15,,,,7256,32,,,,109103,245,,,,2447,55,,,,78,7,,,,<LOD,38,,,,196,8,,,,15042,53,,,,<LOD,51,,,,17,3,,,,15,2,,,,40,1,,,,6,1,,,,<LOD,2,,,,54,1,,,,145,1,,,,14,1,,,,245,1,,,,12,1,,,,6,1,,,,<LOD,21,,,,<LOD,24,,,,<LOD,37,,,,<LOD,48,,,,<LOD,12,,,,4,1,,,,10,1,,,,<LOD,14,,,,12,2,,,,<LOD,7,,,,695775,717,
15,Geochem(2),,15,B04,33.60400009,-101.9039993,976.7470093,,5/7/18,12:59:08,ppm,,,<LOD,4680,,,,53229,345,,,,208893,434,,,,<LOD,219,,,,81,13,,,,10290,35,,,,60882,118,,,,2806,50,,,,57,6,,,,<LOD,33,,,,228,8,,,,16070,47,,,,<LOD,45,,,,18,3,,,,18,1,,,,40,1,,,,6,1,,,,<LOD,1,,,,57,1,,,,108,1,,,,15,1,,,,240,1,,,,10,1,,,,<LOD,5,,,,<LOD,18,,,,<LOD,20,,,,<LOD,31,,,,<LOD,40,,,,<LOD,11,,,,<LOD,7,,,,11,1,,,,<LOD,12,,,,12,2,,,,<LOD,6,,,,646929,673,
16,Geochem(2),,16,B05,33.60400009,-101.9039993,979.7589722,,5/7/18,13:01:37,ppm,,,<LOD,4374,,,,35741,302,,,,140885,337,,,,<LOD,238,,,,<LOD,116,,,,7218,28,,,,111140,218,,,,2274,47,,,,47,6,,,,44,8,,,,154,7,,,,12588,41,,,,<LOD,42,,,,14,2,,,,18,2,,,,29,1,,,,5,0,,,,<LOD,1,,,,48,1,,,,103,1,,,,17,1,,,,245,1,,,,10,1,,,,4,1,,,,<LOD,19,,,,<LOD,21,,,,<LOD,33,,,,<LOD,42,,,,<LOD,11,,,,3,1,,,,10,1,,,,<LOD,13,,,,9,2,,,,<LOD,6,,,,689396,637,
17,Geochem(2),,17,B06,33.60400009,-101.9039993,979.7659912,,5/7/18,13:04:02,ppm,,,<LOD,4252,,,,36830,324,,,,143342,359,,,,<LOD,202,,,,45,14,,,,7969,32,,,,147556,301,,,,2288,53,,,,72,7,,,,70,9,,,,172,8,,,,13095,46,,,,<LOD,47,,,,23,3,,,,18,2,,,,33,1,,,,5,1,,,,<LOD,2,,,,39,1,,,,159,1,,,,14,1,,,,197,1,,,,11,1,,,,8,1,,,,<LOD,21,,,,<LOD,24,,,,<LOD,36,,,,<LOD,47,,,,<LOD,12,,,,<LOD,8,,,,11,1,,,,<LOD,14,,,,19,2,,,,3,1,,,,648022,737,
18,Geochem(2),,18,B07,33.60400009,-101.9039993,979.242981,,5/7/18,13:06:33,ppm,,,<LOD,3756,,,,30839,283,,,,141172,330,,,,<LOD,223,,,,77,12,,,,6636,27,,,,145215,276,,,,1963,46,,,,47,6,,,,34,8,,,,132,7,,,,10351,37,,,,<LOD,39,,,,14,3,,,,14,1,,,,28,1,,,,4,0,,,,<LOD,2,,,,38,1,,,,160,1,,,,11,0,,,,206,1,,,,6,1,,,,<LOD,5,,,,<LOD,19,,,,<LOD,22,,,,<LOD,33,,,,<LOD,43,,,,<LOD,11,,,,3,1,,,,9,1,,,,<LOD,13,,,,7,2,,,,<LOD,6,,,,663032,660,
19,Geochem(2),,19,B08,33.60400009,-101.9039993,978.3519897,,5/7/18,13:08:44,ppm,,,<LOD,4166,,,,22042,279,,,,105900,298,,,,<LOD,249,,,,<LOD,115,,,,4986,25,,,,171414,366,,,,1582,48,,,,46,6,,,,37,8,,,,100,7,,,,8194,36,,,,<LOD,38,,,,15,3,,,,12,2,,,,21,1,,,,5,1,,,,1,0,,,,32,1,,,,167,1,,,,10,1,,,,157,1,,,,7,1,,,,4,1,,,,<LOD,22,,,,<LOD,25,,,,<LOD,38,,,,<LOD,49,,,,<LOD,12,,,,<LOD,8,,,,6,1,,,,<LOD,14,,,,11,2,,,,<LOD,7,,,,685252,698,
20,Geochem(2),,20,B09,33.60409927,-101.9039993,979.2219849,,5/7/18,13:10:46,ppm,,,<LOD,4506,,,,20175,298,,,,94829,300,,,,<LOD,228,,,,<LOD,129,,,,5120,28,,,,189134,443,,,,1557,53,,,,33,7,,,,46,10,,,,101,8,,,,8303,39,,,,<LOD,43,,,,20,3,,,,14,2,,,,22,1,,,,5,1,,,,<LOD,2,,,,33,1,,,,182,1,,,,11,1,,,,166,1,,,,12,1,,,,13,1,,,,<LOD,25,,,,<LOD,28,,,,<LOD,42,,,,<LOD,55,,,,<LOD,14,,,,<LOD,9,,,,7,1,,,,<LOD,16,,,,22,2,,,,4,1,,,,680191,776,
21,Geochem(2),,21,B10,33.60400009,-101.9039993,974.8250122,,5/7/18,13:12:45,ppm,,,<LOD,3381,,,,17378,251,,,,79056,233,,,,<LOD,227,,,,<LOD,98,,,,3911,21,,,,229813,466,,,,1320,45,,,,47,6,,,,37,8,,,,128,7,,,,6892,32,,,,<LOD,36,,,,18,3,,,,9,2,,,,20,1,,,,4,1,,,,1,0,,,,27,1,,,,160,1,,,,10,1,,,,152,1,,,,6,1,,,,<LOD,6,,,,<LOD,22,,,,<LOD,25,,,,<LOD,37,,,,<LOD,49,,,,<LOD,12,,,,4,1,,,,7,1,,,,<LOD,14,,,,8,2,,,,<LOD,7,,,,660992,706,
22,Geochem(2),,22,C01,33.60409927,-101.9039993,964.0280151,,5/7/18,13:20:02,ppm,,,<LOD,4512,,,,23511,299,,,,107038,317,,,,<LOD,223,,,,<LOD,128,,,,5232,27,,,,169823,384,,,,1791,53,,,,44,7,,,,40,9,,,,85,7,,,,9396,41,,,,<LOD,43,,,,25,3,,,,14,2,,,,25,1,,,,5,1,,,,<LOD,2,,,,36,1,,,,142,1,,,,13,1,,,,160,1,,,,10,1,,,,11,1,,,,<LOD,23,,,,<LOD,26,,,,<LOD,40,,,,<LOD,52,,,,<LOD,13,,,,<LOD,9,,,,7,1,,,,<LOD,15,,,,19,2,,,,<LOD,7,,,,682573,745,
23,Geochem(2),,23,C02,33.60409927,-101.9039993,965.0529785,,5/7/18,13:22:37,ppm,,,<LOD,8930,,,,55178,371,,,,220593,481,,,,<LOD,238,,,,110,15,,,,11099,39,,,,41525,90,,,,2726,52,,,,46,6,,,,28,8,,,,196,8,,,,16562,50,,,,<LOD,48,,,,16,3,,,,15,2,,,,39,1,,,,7,1,,,,<LOD,1,,,,57,1,,,,81,1,,,,18,1,,,,248,1,,,,12,1,,,,7,1,,,,<LOD,19,,,,<LOD,22,,,,<LOD,33,,,,<LOD,43,,,,<LOD,11,,,,<LOD,7,,,,11,1,,,,<LOD,13,,,,12,2,,,,2,1,,,,651410,710,
24,Geochem(2),,24,C03,33.60409927,-101.9039993,968.947998,,5/7/18,13:24:50,ppm,,,<LOD,5417,,,,54556,359,,,,216012,461,,,,<LOD,230,,,,100,14,,,,10830,37,,,,42838,90,,,,2851,51,,,,71,6,,,,37,8,,,,208,8,,,,16253,48,,,,<LOD,46,,,,21,3,,,,17,2,,,,40,1,,,,6,1,,,,<LOD,1,,,,58,1,,,,88,1,,,,19,1,,,,262,1,,,,12,1,,,,4,1,,,,<LOD,19,,,,<LOD,21,,,,<LOD,32,,,,<LOD,41,,,,<LOD,11,,,,<LOD,7,,,,10,1,,,,<LOD,12,,,,9,2,,,,<LOD,6,,,,655696,686,
25,Geochem(2),,25,C04,33.60409927,-101.9039993,969.8530273,,5/7/18,13:26:58,ppm,,,<LOD,5764,,,,68518,392,,,,253232,510,,,,<LOD,203,,,,149,14,,,,13360,43,,,,10046,33,,,,3183,52,,,,54,6,,,,51,8,,,,293,8,,,,20319,55,,,,<LOD,51,,,,24,3,,,,19,2,,,,52,1,,,,8,1,,,,<LOD,1,,,,70,1,,,,77,1,,,,19,1,,,,297,1,,,,15,1,,,,5,1,,,,<LOD,18,,,,<LOD,20,,,,<LOD,31,,,,<LOD,40,,,,<LOD,11,,,,<LOD,7,,,,14,1,,,,<LOD,12,,,,13,2,,,,<LOD,6,,,,630181,709,
26,Geochem(2),,26,C05,33.60409927,-101.9039993,971.059021,,5/7/18,13:29:11,ppm,,,3366,1015,,,,70968,378,,,,260484,551,,,,<LOD,183,,,,120,13,,,,12623,41,,,,19476,50,,,,3287,51,,,,61,6,,,,50,7,,,,245,8,,,,20513,56,,,,<LOD,49,,,,16,2,,,,18,1,,,,49,1,,,,7,1,,,,<LOD,1,,,,68,1,,,,81,1,,,,16,1,,,,270,1,,,,12,1,,,,<LOD,5,,,,<LOD,17,,,,<LOD,19,,,,<LOD,29,,,,<LOD,38,,,,<LOD,10,,,,<LOD,6,,,,12,1,,,,<LOD,11,,,,7,2,,,,<LOD,5,,,,608251,921,
27,Geochem(2),,27,C06,33.60400009,-101.9039993,973.0750122,,5/7/18,13:31:02,ppm,,,<LOD,5316,,,,65171,376,,,,253797,498,,,,<LOD,201,,,,174,14,,,,12877,41,,,,17905,45,,,,2993,51,,,,71,6,,,,34,7,,,,220,8,,,,18507,51,,,,<LOD,48,,,,21,3,,,,19,2,,,,42,1,,,,7,1,,,,<LOD,1,,,,63,1,,,,71,1,,,,16,1,,,,280,1,,,,12,1,,,,4,1,,,,<LOD,18,,,,<LOD,20,,,,<LOD,31,,,,<LOD,40,,,,<LOD,10,,,,<LOD,7,,,,12,1,,,,<LOD,12,,,,8,2,,,,<LOD,6,,,,627697,693,
28,Geochem(2),,28,C07,33.60400009,-101.9039993,969.8150024,,5/7/18,13:33:00,ppm,,,<LOD,5079,,,,58115,354,,,,238369,473,,,,<LOD,205,,,,69,13,,,,10858,37,,,,31207,66,,,,2700,49,,,,37,5,,,,43,7,,,,151,7,,,,15044,44,,,,<LOD,43,,,,17,2,,,,14,1,,,,35,1,,,,6,0,,,,<LOD,1,,,,54,1,,,,69,1,,,,15,0,,,,260,1,,,,11,1,,,,3,1,,,,<LOD,18,,,,<LOD,20,,,,<LOD,31,,,,<LOD,40,,,,<LOD,10,,,,<LOD,7,,,,11,1,,,,<LOD,12,,,,10,2,,,,<LOD,6,,,,642904,669,
29,Geochem(2),,29,C08,33.60400009,-101.9039993,971.0120239,,5/7/18,13:35:23,ppm,,,3507,1072,,,,57493,356,,,,234095,527,,,,<LOD,208,,,,71,13,,,,10550,38,,,,40345,92,,,,2706,49,,,,56,6,,,,39,7,,,,154,7,,,,15247,47,,,,<LOD,44,,,,17,2,,,,14,1,,,,34,1,,,,6,0,,,,<LOD,1,,,,54,1,,,,76,1,,,,16,0,,,,252,1,,,,10,1,,,,3,1,,,,<LOD,18,,,,<LOD,20,,,,<LOD,31,,,,<LOD,40,,,,6,2,,,,<LOD,7,,,,9,1,,,,<LOD,12,,,,7,2,,,,<LOD,6,,,,635233,959,
30,Geochem(2),,30,C09,33.60400009,-101.9039993,977.28302,,5/7/18,13:37:22,ppm,,,<LOD,4846,,,,50979,341,,,,212328,443,,,,<LOD,225,,,,74,13,,,,9866,35,,,,52811,105,,,,2745,50,,,,51,6,,,,30,7,,,,173,7,,,,14554,44,,,,<LOD,43,,,,21,3,,,,14,1,,,,36,1,,,,5,0,,,,<LOD,1,,,,54,1,,,,85,1,,,,17,1,,,,254,1,,,,10,1,,,,<LOD,5,,,,<LOD,18,,,,<LOD,21,,,,<LOD,31,,,,<LOD,41,,,,<LOD,10,,,,<LOD,7,,,,11,1,,,,<LOD,12,,,,9,2,,,,<LOD,6,,,,655872,666,
31,Geochem(2),,31,C10,33.60390091,-101.9039993,980.1370239,,5/7/18,13:40:00,ppm,,,<LOD,5474,,,,40654,343,,,,179536,433,,,,<LOD,263,,,,<LOD,124,,,,9074,35,,,,76788,164,,,,2487,53,,,,45,6,,,,<LOD,36,,,,180,8,,,,12772,45,,,,<LOD,45,,,,15,3,,,,15,2,,,,32,1,,,,4,1,,,,<LOD,2,,,,48,1,,,,102,1,,,,15,1,,,,230,1,,,,12,1,,,,7,1,,,,<LOD,20,,,,<LOD,23,,,,<LOD,35,,,,<LOD,46,,,,<LOD,11,,,,<LOD,8,,,,11,1,,,,<LOD,14,,,,18,2,,,,<LOD,7,,,,677954,704,
32,Geochem(2),,32,D01,33.60400009,-101.9039993,978.257019,,5/7/18,13:42:20,ppm,,,<LOD,5516,,,,65919,376,,,,248362,490,,,,<LOD,206,,,,213,14,,,,11942,39,,,,15160,40,,,,3027,50,,,,58,6,,,,34,7,,,,160,7,,,,16997,48,,,,<LOD,46,,,,22,2,,,,15,1,,,,40,1,,,,8,0,,,,<LOD,1,,,,59,1,,,,60,1,,,,17,0,,,,265,1,,,,11,1,,,,4,1,,,,<LOD,18,,,,<LOD,20,,,,<LOD,30,,,,<LOD,39,,,,<LOD,10,,,,<LOD,7,,,,9,1,,,,<LOD,12,,,,10,2,,,,<LOD,6,,,,637608,681,
33,Geochem(2),,33,D02,33.60409927,-101.9039993,979.6339722,,5/7/18,13:44:25,ppm,,,3488,1123,,,,66987,391,,,,245720,564,,,,<LOD,201,,,,49,13,,,,12678,43,,,,6840,28,,,,3017,50,,,,48,6,,,,34,7,,,,198,7,,,,18048,54,,,,<LOD,47,,,,20,2,,,,16,1,,,,43,1,,,,6,1,,,,<LOD,1,,,,60,1,,,,62,1,,,,17,1,,,,296,1,,,,11,1,,,,3,1,,,,<LOD,18,,,,<LOD,20,,,,<LOD,30,,,,<LOD,39,,,,<LOD,10,,,,<LOD,6,,,,12,1,,,,<LOD,12,,,,11,2,,,,<LOD,6,,,,642337,995,
34,Geochem(2),,34,D03,33.60380173,-101.9039993,982.9030151,,5/7/18,13:46:31,ppm,,,<LOD,5195,,,,72250,372,,,,293813,529,,,,<LOD,180,,,,102,13,,,,12767,40,,,,2855,21,,,,2901,48,,,,60,5,,,,45,7,,,,195,7,,,,17265,46,,,,<LOD,45,,,,22,2,,,,16,1,,,,39,1,,,,6,0,,,,<LOD,1,,,,59,1,,,,56,1,,,,16,0,,,,271,1,,,,11,1,,,,2,1,,,,<LOD,17,,,,<LOD,19,,,,<LOD,30,,,,<LOD,38,,,,<LOD,10,,,,<LOD,7,,,,11,1,,,,<LOD,11,,,,7,2,,,,<LOD,5,,,,597231,688,
35,Geochem(2),,35,F,33.60390091,-101.9039993,983.2849731,,5/7/18,13:48:30,ppm,,,,,,,,,,,,,,,,,,,,,,,,,,,,,,,,,,,,,,4403,1409,,,,<LOD,881,,,,<LOD,1126,,,,<LOD,994,,,,13952,1406,,,,<LOD,862,,,,<LOD,868,,,,<LOD,412,,,,<LOD,224,,,,<LOD,81,,,,<LOD,56,,,,56,16,,,,113,20,,,,<LOD,91,,,,358,43,,,,<LOD,124,,,,<LOD,166,,,,<LOD,587,,,,<LOD,671,,,,<LOD,1004,,,,<LOD,1315,,,,<LOD,464,,,,<LOD,277,,,,<LOD,149,,,,<LOD,410,,,,<LOD,333,,,,<LOD,228,,,,981118,2237,
36,Geochem(2),,36,D04,33.60340118,-101.9039993,982.9959717,,5/7/18,13:49:28,ppm,,,<LOD,9393,,,,69396,392,,,,263305,519,,,,<LOD,195,,,,88,14,,,,13662,44,,,,1579,21,,,,2874,50,,,,50,6,,,,30,7,,,,200,7,,,,17784,50,,,,<LOD,47,,,,20,3,,,,13,1,,,,39,1,,,,7,1,,,,<LOD,1,,,,58,1,,,,54,1,,,,15,1,,,,276,1,,,,12,1,,,,4,1,,,,<LOD,18,,,,<LOD,20,,,,<LOD,31,,,,<LOD,40,,,,<LOD,10,,,,<LOD,7,,,,10,1,,,,<LOD,12,,,,12,2,,,,<LOD,6,,,,630512,699,
37,Geochem(2),,37,D05,33.60340118,-101.9039993,982.9959717,,5/7/18,13:52:12,ppm,,,<LOD,5816,,,,67705,387,,,,265809,520,,,,<LOD,196,,,,138,14,,,,13311,43,,,,1644,21,,,,3084,51,,,,57,6,,,,37,8,,,,220,8,,,,17861,50,,,,<LOD,47,,,,22,3,,,,16,1,,,,44,1,,,,6,1,,,,<LOD,1,,,,62,1,,,,59,1,,,,16,1,,,,291,1,,,,14,1,,,,6,1,,,,<LOD,18,,,,<LOD,20,,,,<LOD,31,,,,<LOD,40,,,,<LOD,10,,,,<LOD,7,,,,11,1,,,,<LOD,12,,,,13,2,,,,<LOD,6,,,,629573,697,
38,Geochem(2),,38,D06,33.60400009,-101.9039993,985.0609741,,5/7/18,13:54:20,ppm,,,<LOD,6050,,,,64600,386,,,,259619,522,,,,<LOD,202,,,,55,14,,,,12083,41,,,,1606,20,,,,2891,51,,,,53,6,,,,33,7,,,,207,7,,,,17600,50,,,,<LOD,47,,,,12,2,,,,15,1,,,,41,1,,,,6,1,,,,<LOD,1,,,,59,1,,,,54,1,,,,14,1,,,,304,1,,,,12,1,,,,6,1,,,,<LOD,18,,,,<LOD,20,,,,<LOD,31,,,,<LOD,40,,,,6,2,,,,<LOD,7,,,,12,1,,,,<LOD,12,,,,10,2,,,,<LOD,6,,,,640704,698,
39,Geochem(2),,39,D07,33.60400009,-101.9039993,984.8070068,,5/7/18,13:56:25,ppm,,,<LOD,5923,,,,68704,390,,,,265937,523,,,,<LOD,194,,,,145,14,,,,12744,42,,,,703,20,,,,2878,51,,,,49,6,,,,42,8,,,,178,7,,,,16797,48,,,,<LOD,46,,,,23,3,,,,16,1,,,,38,1,,,,7,0,,,,<LOD,1,,,,58,1,,,,52,1,,,,14,0,,,,297,1,,,,12,1,,,,4,1,,,,<LOD,18,,,,<LOD,20,,,,<LOD,31,,,,<LOD,40,,,,<LOD,10,,,,<LOD,7,,,,9,1,,,,<LOD,12,,,,8,2,,,,<LOD,6,,,,631284,698,
40,Geochem(2),,40,D08,33.60400009,-101.9039993,982.4509888,,5/7/18,13:58:50,ppm,,,<LOD,5734,,,,65739,383,,,,260866,518,,,,<LOD,201,,,,83,14,,,,12720,42,,,,6280,27,,,,3131,52,,,,50,6,,,,45,8,,,,187,7,,,,17022,49,,,,<LOD,46,,,,15,3,,,,16,1,,,,36,1,,,,7,1,,,,<LOD,1,,,,58,1,,,,55,1,,,,16,1,,,,304,1,,,,12,1,,,,6,1,,,,<LOD,18,,,,<LOD,20,,,,<LOD,31,,,,<LOD,40,,,,<LOD,10,,,,<LOD,7,,,,11,1,,,,<LOD,12,,,,12,2,,,,<LOD,6,,,,633328,699,
41,Geochem(2),,41,D09,33.60400009,-101.9039993,982.6160278,,5/7/18,14:00:44,ppm,,,<LOD,5105,,,,68111,371,,,,280954,518,,,,<LOD,176,,,,89,13,,,,12627,41,,,,2277,21,,,,2935,49,,,,50,6,,,,47,7,,,,178,7,,,,17267,47,,,,<LOD,45,,,,19,2,,,,15,1,,,,39,1,,,,6,0,,,,<LOD,1,,,,59,1,,,,59,1,,,,16,0,,,,308,1,,,,11,1,,,,<LOD,5,,,,<LOD,17,,,,<LOD,20,,,,<LOD,30,,,,<LOD,39,,,,<LOD,10,,,,3,1,,,,12,1,,,,<LOD,12,,,,9,2,,,,<LOD,6,,,,614911,682,
42,Geochem(2),,42,D10,33.60409927,-101.9039993,982.0930176,,5/7/18,14:02:37,ppm,,,<LOD,9289,,,,67141,386,,,,278831,539,,,,<LOD,191,,,,54,14,,,,12665,43,,,,486,20,,,,2866,51,,,,53,6,,,,41,8,,,,183,7,,,,16729,48,,,,<LOD,46,,,,18,3,,,,17,2,,,,40,1,,,,6,1,,,,<LOD,1,,,,57,1,,,,51,1,,,,15,1,,,,277,1,,,,13,1,,,,5,1,,,,<LOD,18,,,,<LOD,21,,,,<LOD,31,,,,<LOD,41,,,,<LOD,10,,,,<LOD,7,,,,11,1,,,,<LOD,12,,,,8,2,,,,<LOD,6,,,,620433,707,
43,Geochem(2),,43,E01,33.60400009,-101.9039993,989.0910034,,5/7/18,14:06:39,ppm,,,<LOD,10692,,,,63079,396,,,,244103,522,,,,<LOD,230,,,,139,15,,,,13031,44,,,,6870,29,,,,3040,53,,,,49,6,,,,33,8,,,,218,8,,,,19597,56,,,,<LOD,52,,,,21,3,,,,19,2,,,,45,1,,,,7,1,,,,<LOD,1,,,,66,1,,,,65,1,,,,17,1,,,,298,1,,,,14,1,,,,10,1,,,,<LOD,19,,,,<LOD,21,,,,<LOD,32,,,,<LOD,42,,,,7,2,,,,<LOD,7,,,,13,1,,,,<LOD,13,,,,15,2,,,,<LOD,6,,,,649243,719,
44,Geochem(2),,44,E02,33.60400009,-101.9039993,987.5510254,,5/7/18,14:08:37,ppm,,,<LOD,11952,,,,64119,418,,,,233427,530,,,,<LOD,258,,,,158,16,,,,12443,45,,,,6945,30,,,,2954,55,,,,53,6,,,,31,8,,,,177,8,,,,17712,54,,,,<LOD,51,,,,23,3,,,,18,2,,,,42,1,,,,6,1,,,,<LOD,1,,,,60,1,,,,57,1,,,,17,1,,,,273,1,,,,14,1,,,,9,1,,,,<LOD,20,,,,<LOD,22,,,,<LOD,34,,,,<LOD,44,,,,<LOD,11,,,,<LOD,7,,,,12,1,,,,<LOD,13,,,,14,2,,,,<LOD,6,,,,661438,739,
45,Geochem(2),,45,E03,33.60400009,-101.9039993,988.0289917,,5/7/18,14:10:32,ppm,,,<LOD,5654,,,,70803,390,,,,260483,513,,,,<LOD,195,,,,75,14,,,,12683,42,,,,2623,22,,,,2867,50,,,,42,6,,,,44,8,,,,195,7,,,,18386,51,,,,<LOD,48,,,,21,3,,,,14,1,,,,42,1,,,,7,1,,,,<LOD,1,,,,62,1,,,,54,1,,,,15,1,,,,266,1,,,,12,1,,,,6,1,,,,<LOD,18,,,,<LOD,20,,,,<LOD,31,,,,<LOD,40,,,,<LOD,10,,,,<LOD,7,,,,11,1,,,,<LOD,12,,,,10,2,,,,<LOD,6,,,,631279,696,
46,Geochem(2),,46,E04,33.60409927,-101.9039993,984.0150146,,5/7/18,14:12:31,ppm,,,<LOD,10094,,,,63389,390,,,,263784,540,,,,<LOD,213,,,,133,15,,,,12032,43,,,,3717,24,,,,3037,53,,,,56,6,,,,31,8,,,,235,8,,,,17943,52,,,,<LOD,49,,,,21,3,,,,16,2,,,,42,1,,,,7,1,,,,<LOD,1,,,,61,1,,,,59,1,,,,18,1,,,,258,1,,,,12,1,,,,7,1,,,,<LOD,19,,,,<LOD,21,,,,<LOD,32,,,,<LOD,42,,,,<LOD,11,,,,<LOD,7,,,,11,1,,,,<LOD,12,,,,15,2,,,,<LOD,6,,,,635117,720,
47,Geochem(2),,47,E05,33.60390091,-101.9039993,985.7459717,,5/7/18,14:14:28,ppm,,,<LOD,5893,,,,70764,397,,,,263942,527,,,,<LOD,201,,,,114,14,,,,13438,44,,,,1799,21,,,,3358,54,,,,53,6,,,,44,8,,,,208,8,,,,18932,52,,,,<LOD,49,,,,21,3,,,,14,1,,,,41,1,,,,7,1,,,,<LOD,1,,,,62,1,,,,58,1,,,,18,1,,,,287,1,,,,12,1,,,,6,1,,,,<LOD,18,,,,<LOD,21,,,,<LOD,31,,,,<LOD,41,,,,6,2,,,,<LOD,7,,,,10,1,,,,<LOD,12,,,,11,2,,,,<LOD,6,,,,626793,713,
48,Geochem(2),,48,E06,33.60409927,-101.9039993,986.7470093,,5/7/18,14:16:46,ppm,,,<LOD,6485,,,,66925,403,,,,248367,525,,,,<LOD,222,,,,146,15,,,,12518,44,,,,2456,22,,,,2849,52,,,,53,6,,,,29,8,,,,199,8,,,,17725,52,,,,<LOD,49,,,,21,3,,,,14,2,,,,40,1,,,,6,1,,,,<LOD,1,,,,59,1,,,,52,1,,,,16,1,,,,295,1,,,,12,1,,,,7,1,,,,<LOD,19,,,,<LOD,21,,,,<LOD,32,,,,<LOD,42,,,,<LOD,11,,,,<LOD,7,,,,12,1,,,,<LOD,13,,,,16,2,,,,<LOD,6,,,,648184,717,
49,Geochem(2),,49,E07,33.60400009,-101.9039993,986.46698,,5/7/18,14:19:00,ppm,,,<LOD,6409,,,,65650,400,,,,257201,537,,,,<LOD,219,,,,142,15,,,,12333,44,,,,2666,23,,,,2839,52,,,,47,6,,,,31,8,,,,170,7,,,,17291,51,,,,<LOD,49,,,,19,3,,,,16,2,,,,39,1,,,,6,1,,,,<LOD,1,,,,58,1,,,,57,1,,,,16,1,,,,292,1,,,,13,1,,,,8,1,,,,<LOD,19,,,,<LOD,21,,,,<LOD,33,,,,<LOD,42,,,,<LOD,11,,,,<LOD,7,,,,11,1,,,,<LOD,13,,,,11,2,,,,4,1,,,,641080,723,
50,Geochem(2),,50,E08,33.60400009,-101.9039993,986.46698,,5/7/18,14:21:13,ppm,,,3450,1092,,,,71832,399,,,,268390,596,,,,<LOD,190,,,,97,14,,,,13378,46,,,,609,20,,,,2883,50,,,,43,6,,,,30,7,,,,198,7,,,,17906,53,,,,<LOD,47,,,,21,3,,,,13,1,,,,43,1,,,,7,1,,,,<LOD,1,,,,60,1,,,,52,1,,,,15,1,,,,274,1,,,,12,1,,,,5,1,,,,<LOD,18,,,,<LOD,20,,,,<LOD,31,,,,<LOD,40,,,,<LOD,10,,,,<LOD,7,,,,11,1,,,,<LOD,12,,,,11,2,,,,<LOD,6,,,,620661,976,
51,Geochem(2),,51,E09,33.60430145,-101.9039993,987.0239868,,5/7/18,14:23:09,ppm,,,3271,973,,,,78118,388,,,,288764,584,,,,<LOD,166,,,,177,13,,,,13246,43,,,,283,19,,,,2938,49,,,,57,6,,,,47,7,,,,181,7,,,,18020,50,,,,<LOD,46,,,,22,2,,,,17,1,,,,41,1,,,,7,0,,,,<LOD,1,,,,61,1,,,,53,1,,,,15,0,,,,293,1,,,,11,1,,,,<LOD,5,,,,<LOD,17,,,,<LOD,19,,,,<LOD,30,,,,<LOD,38,,,,<LOD,10,,,,3,1,,,,11,1,,,,<LOD,11,,,,7,2,,,,<LOD,5,,,,594356,896,
52,Geochem(2),,52,E10,33.60400009,-101.9039993,982.8029785,,5/7/18,14:25:18,ppm,,,<LOD,6033,,,,68208,395,,,,264559,533,,,,<LOD,202,,,,103,15,,,,12917,44,,,,679,20,,,,2886,52,,,,53,6,,,,32,8,,,,194,8,,,,17095,49,,,,<LOD,47,,,,26,3,,,,12,1,,,,40,1,,,,6,1,,,,<LOD,1,,,,58,1,,,,52,1,,,,17,1,,,,316,1,,,,12,1,,,,6,1,,,,<LOD,18,,,,<LOD,21,,,,<LOD,32,,,,<LOD,41,,,,<LOD,10,,,,<LOD,7,,,,11,1,,,,<LOD,12,,,,14,2,,,,<LOD,6,,,,632703,713,
53,Geochem(2),,53,F01,33.60380173,-101.9039993,985.4699707,,5/7/18,14:28:49,ppm,,,<LOD,9985,,,,52690,368,,,,199911,459,,,,<LOD,256,,,,108,14,,,,10260,38,,,,38768,87,,,,3057,54,,,,58,6,,,,34,8,,,,250,8,,,,18791,56,,,,<LOD,52,,,,23,3,,,,17,2,,,,46,1,,,,6,1,,,,<LOD,1,,,,62,1,,,,85,1,,,,19,1,,,,270,1,,,,13,1,,,,8,1,,,,<LOD,19,,,,<LOD,22,,,,<LOD,33,,,,<LOD,43,,,,8,2,,,,<LOD,7,,,,13,1,,,,<LOD,13,,,,16,2,,,,<LOD,6,,,,675488,697,
54,Geochem(2),,54,F02,33.60400009,-101.9039993,989.15802,,5/7/18,14:38:16,ppm,,,<LOD,6441,,,,59492,386,,,,225171,498,,,,<LOD,245,,,,119,15,,,,12123,42,,,,13451,40,,,,3127,53,,,,57,6,,,,40,8,,,,224,8,,,,20240,57,,,,<LOD,53,,,,21,3,,,,18,2,,,,49,1,,,,7,1,,,,<LOD,1,,,,67,1,,,,74,1,,,,21,1,,,,287,1,,,,16,1,,,,8,1,,,,<LOD,19,,,,<LOD,21,,,,<LOD,32,,,,<LOD,41,,,,<LOD,11,,,,<LOD,7,,,,13,1,,,,<LOD,13,,,,16,2,,,,<LOD,6,,,,665358,706,
55,Geochem(2),,55,F03,33.60400009,-101.9039993,988.6119995,,5/7/18,14:40:17,ppm,,,<LOD,5778,,,,72586,400,,,,261848,523,,,,<LOD,209,,,,487,16,,,,12997,43,,,,4960,26,,,,2907,52,,,,50,6,,,,39,8,,,,214,8,,,,18394,52,,,,<LOD,49,,,,17,3,,,,19,2,,,,40,1,,,,6,1,,,,<LOD,1,,,,62,1,,,,57,1,,,,17,1,,,,255,1,,,,14,1,,,,7,1,,,,<LOD,18,,,,<LOD,21,,,,<LOD,32,,,,<LOD,41,,,,<LOD,11,,,,<LOD,7,,,,12,1,,,,<LOD,12,,,,12,2,,,,<LOD,6,,,,625001,715,
56,Geochem(2),,56,F04,33.60400009,-101.9039993,987.8740234,,5/7/18,14:42:26,ppm,,,<LOD,5499,,,,76768,401,,,,268544,521,,,,<LOD,194,,,,157,14,,,,14084,45,,,,1379,21,,,,3310,53,,,,57,6,,,,38,8,,,,258,8,,,,20698,55,,,,<LOD,51,,,,19,3,,,,15,1,,,,46,1,,,,7,1,,,,<LOD,1,,,,68,1,,,,61,1,,,,18,1,,,,306,1,,,,14,1,,,,5,1,,,,<LOD,18,,,,<LOD,20,,,,<LOD,31,,,,<LOD,40,,,,7,2,,,,<LOD,7,,,,12,1,,,,<LOD,12,,,,10,2,,,,3,1,,,,614115,714,
57,Geochem(2),,57,F05,33.60400009,-101.9039993,989.7479858,,5/7/18,14:45:21,ppm,,,<LOD,5489,,,,72992,392,,,,262188,512,,,,<LOD,196,,,,212,14,,,,13481,43,,,,3094,23,,,,3416,53,,,,65,6,,,,51,8,,,,236,8,,,,20012,53,,,,<LOD,50,,,,25,3,,,,14,1,,,,48,1,,,,7,1,,,,<LOD,1,,,,65,1,,,,58,1,,,,17,1,,,,281,1,,,,13,1,,,,3,1,,,,<LOD,18,,,,<LOD,20,,,,<LOD,31,,,,<LOD,40,,,,<LOD,10,,,,<LOD,7,,,,11,1,,,,<LOD,12,,,,10,2,,,,<LOD,6,,,,623702,701,
58,Geochem(2),,58,F06,33.60409927,-101.9039993,987.7000122,,5/7/18,14:47:57,ppm,,,<LOD,8465,,,,72019,377,,,,279296,515,,,,<LOD,174,,,,74,13,,,,13427,42,,,,335,19,,,,3031,50,,,,59,6,,,,31,7,,,,215,7,,,,18560,49,,,,<LOD,47,,,,20,2,,,,14,1,,,,44,1,,,,6,1,,,,<LOD,1,,,,62,1,,,,56,1,,,,15,0,,,,302,1,,,,12,1,,,,<LOD,5,,,,<LOD,17,,,,<LOD,19,,,,<LOD,30,,,,<LOD,39,,,,<LOD,10,,,,<LOD,6,,,,13,1,,,,<LOD,12,,,,7,2,,,,<LOD,5,,,,612402,685,
59,Geochem(2),,59,F07,33.60390091,-101.9039993,985.6950073,,5/7/18,14:50:26,ppm,,,<LOD,5791,,,,69821,391,,,,265098,524,,,,<LOD,195,,,,85,14,,,,13260,43,,,,601,20,,,,2880,51,,,,58,6,,,,47,8,,,,193,7,,,,18695,52,,,,<LOD,49,,,,21,3,,,,18,2,,,,42,1,,,,7,1,,,,<LOD,1,,,,63,1,,,,56,1,,,,15,1,,,,302,1,,,,12,1,,,,4,1,,,,<LOD,18,,,,<LOD,20,,,,<LOD,31,,,,<LOD,40,,,,<LOD,10,,,,<LOD,7,,,,12,1,,,,<LOD,12,,,,13,2,,,,<LOD,6,,,,628696,705,
60,Geochem(2),,60,F08,33.60400009,-101.9039993,991.6619873,,5/7/18,14:52:46,ppm,,,<LOD,5432,,,,70515,384,,,,275697,525,,,,<LOD,182,,,,84,14,,,,12853,42,,,,264,19,,,,2938,50,,,,58,6,,,,24,7,,,,222,8,,,,18096,50,,,,<LOD,47,,,,15,2,,,,14,1,,,,42,1,,,,7,1,,,,<LOD,1,,,,63,1,,,,57,1,,,,15,1,,,,264,1,,,,11,1,,,,6,1,,,,<LOD,18,,,,<LOD,20,,,,<LOD,31,,,,<LOD,40,,,,<LOD,10,,,,<LOD,7,,,,12,1,,,,<LOD,12,,,,12,2,,,,<LOD,6,,,,618729,698,
61,Geochem(2),,61,F09,33.60400009,-101.9039993,985.7860107,,5/7/18,14:55:35,ppm,,,<LOD,5054,,,,74241,381,,,,277526,513,,,,<LOD,178,,,,109,13,,,,13302,42,,,,729,20,,,,3243,51,,,,63,6,,,,38,7,,,,271,8,,,,19775,51,,,,<LOD,48,,,,20,2,,,,15,1,,,,49,1,,,,7,1,,,,<LOD,1,,,,66,1,,,,60,1,,,,18,1,,,,315,1,,,,12,1,,,,3,1,,,,<LOD,17,,,,<LOD,19,,,,<LOD,30,,,,<LOD,39,,,,<LOD,10,,,,<LOD,7,,,,12,1,,,,<LOD,12,,,,9,2,,,,<LOD,5,,,,610118,689,
62,Geochem(2),,62,F10,33.60400009,-101.9039993,986.1430054,,5/7/18,14:57:45,ppm,,,<LOD,5183,,,,73906,382,,,,283988,525,,,,<LOD,177,,,,111,13,,,,13398,42,,,,721,20,,,,3131,51,,,,67,6,,,,44,7,,,,188,7,,,,18878,50,,,,<LOD,48,,,,17,2,,,,15,1,,,,42,1,,,,7,0,,,,<LOD,1,,,,62,1,,,,54,1,,,,16,0,,,,278,1,,,,13,1,,,,5,1,,,,<LOD,18,,,,<LOD,20,,,,<LOD,30,,,,<LOD,39,,,,<LOD,10,,,,3,1,,,,11,1,,,,<LOD,12,,,,<LOD,9,,,,<LOD,5,,,,605045,697,
63,Geochem(2),,63,G01,33.60400009,-101.9039993,980.9550171,,5/7/18,15:01:25,ppm,,,<LOD,5278,,,,76749,391,,,,264367,504,,,,<LOD,185,,,,148,13,,,,13820,43,,,,2486,22,,,,3155,51,,,,57,6,,,,47,7,,,,213,7,,,,20479,53,,,,<LOD,50,,,,23,3,,,,15,1,,,,48,1,,,,7,1,,,,<LOD,1,,,,68,1,,,,59,1,,,,16,1,,,,292,1,,,,13,1,,,,3,1,,,,<LOD,17,,,,<LOD,20,,,,<LOD,30,,,,<LOD,39,,,,<LOD,10,,,,<LOD,6,,,,12,1,,,,<LOD,12,,,,8,2,,,,<LOD,6,,,,617916,694,
64,Geochem(2),,64,G02,33.60400009,-101.9039993,982.2860107,,5/7/18,15:03:46,ppm,,,<LOD,5168,,,,75512,381,,,,267794,499,,,,<LOD,181,,,,144,13,,,,13284,41,,,,1162,20,,,,3026,49,,,,56,5,,,,51,7,,,,222,7,,,,20880,53,,,,<LOD,49,,,,25,2,,,,16,1,,,,49,1,,,,8,1,,,,<LOD,1,,,,69,1,,,,59,1,,,,18,1,,,,271,1,,,,12,1,,,,<LOD,5,,,,<LOD,17,,,,<LOD,19,,,,<LOD,29,,,,<LOD,38,,,,<LOD,10,,,,<LOD,6,,,,11,1,,,,<LOD,11,,,,6,2,,,,<LOD,5,,,,617324,681,
65,Geochem(2),,65,G03,33.60400009,-101.9039993,980.1329956,,5/7/18,15:07:05,ppm,,,<LOD,5073,,,,75904,384,,,,273501,508,,,,<LOD,178,,,,140,13,,,,13561,42,,,,774,20,,,,3138,50,,,,45,5,,,,38,7,,,,212,7,,,,20647,53,,,,<LOD,49,,,,23,2,,,,16,1,,,,47,1,,,,8,1,,,,<LOD,1,,,,69,1,,,,58,1,,,,15,0,,,,262,1,,,,11,1,,,,<LOD,5,,,,<LOD,17,,,,<LOD,19,,,,<LOD,29,,,,<LOD,38,,,,<LOD,10,,,,<LOD,7,,,,12,1,,,,<LOD,11,,,,6,2,,,,<LOD,5,,,,611514,688,
66,Geochem(2),,66,G04,33.60409927,-101.9039993,981.6209717,,5/7/18,15:10:17,ppm,,,<LOD,5178,,,,75184,386,,,,272001,509,,,,<LOD,180,,,,149,13,,,,14050,43,,,,1212,20,,,,3031,50,,,,59,6,,,,44,7,,,,213,7,,,,20815,53,,,,<LOD,50,,,,19,2,,,,17,1,,,,48,1,,,,6,1,,,,<LOD,1,,,,69,1,,,,60,1,,,,18,1,,,,273,1,,,,13,1,,,,3,1,,,,<LOD,17,,,,<LOD,19,,,,<LOD,30,,,,<LOD,39,,,,<LOD,10,,,,3,1,,,,13,1,,,,<LOD,12,,,,8,2,,,,<LOD,5,,,,612691,692,
67,Geochem(2),,67,G05,33.60400009,-101.9039993,983.1010132,,5/7/18,15:12:43,ppm,,,<LOD,6109,,,,70124,402,,,,254568,522,,,,<LOD,208,,,,92,15,,,,13601,45,,,,2152,22,,,,3268,54,,,,64,6,,,,41,8,,,,241,8,,,,20666,56,,,,<LOD,52,,,,26,3,,,,15,2,,,,49,1,,,,7,1,,,,<LOD,1,,,,67,1,,,,61,1,,,,18,1,,,,296,1,,,,13,1,,,,7,1,,,,<LOD,18,,,,<LOD,21,,,,<LOD,31,,,,<LOD,41,,,,<LOD,11,,,,<LOD,7,,,,13,1,,,,<LOD,12,,,,10,2,,,,<LOD,6,,,,634603,718,
68,Geochem(2),,68,G06,33.60400009,-101.9039993,981.5089722,,5/7/18,15:14:39,ppm,,,<LOD,5538,,,,72813,385,,,,254844,494,,,,<LOD,193,,,,185,13,,,,13019,41,,,,1555,20,,,,3229,51,,,,66,6,,,,43,7,,,,256,8,,,,20156,53,,,,<LOD,49,,,,21,2,,,,14,1,,,,47,1,,,,7,1,,,,<LOD,1,,,,68,1,,,,59,1,,,,19,1,,,,305,1,,,,12,1,,,,<LOD,5,,,,<LOD,17,,,,<LOD,19,,,,19,5,,,,<LOD,38,,,,<LOD,10,,,,<LOD,6,,,,11,1,,,,<LOD,11,,,,<LOD,9,,,,<LOD,5,,,,633251,680,
69,Geochem(2),,69,G07,33.60400009,-101.9039993,980.8729858,,5/7/18,15:17:22,ppm,,,<LOD,5894,,,,71232,399,,,,266846,531,,,,<LOD,199,,,,142,15,,,,13644,45,,,,912,21,,,,3173,53,,,,51,6,,,,35,8,,,,299,8,,,,19025,53,,,,<LOD,50,,,,21,3,,,,15,2,,,,46,1,,,,6,1,,,,<LOD,1,,,,67,1,,,,59,1,,,,18,1,,,,333,1,,,,14,1,,,,6,1,,,,<LOD,18,,,,<LOD,20,,,,<LOD,31,,,,<LOD,41,,,,<LOD,11,,,,<LOD,7,,,,12,1,,,,<LOD,12,,,,12,2,,,,<LOD,6,,,,624034,717,
70,Geochem(2),,70,G08,33.60400009,-101.9039993,979.7449951,,5/7/18,15:19:17,ppm,,,<LOD,5201,,,,71765,379,,,,273265,512,,,,<LOD,182,,,,223,14,,,,13417,42,,,,1176,20,,,,3277,51,,,,49,6,,,,30,7,,,,247,8,,,,20039,52,,,,<LOD,49,,,,21,2,,,,18,1,,,,45,1,,,,7,1,,,,<LOD,1,,,,68,1,,,,61,1,,,,18,1,,,,304,1,,,,13,1,,,,3,1,,,,<LOD,17,,,,<LOD,19,,,,<LOD,30,,,,<LOD,39,,,,<LOD,10,,,,<LOD,7,,,,13,1,,,,<LOD,12,,,,9,2,,,,<LOD,5,,,,615932,688,
71,Geochem(2),,71,G09,33.60400009,-101.9039993,981.8079834,,5/7/18,15:21:49,ppm,,,<LOD,5614,,,,69841,388,,,,270277,525,,,,<LOD,192,,,,114,14,,,,12804,42,,,,725,20,,,,3015,51,,,,46,6,,,,40,8,,,,233,8,,,,18831,51,,,,<LOD,49,,,,18,3,,,,18,2,,,,44,1,,,,7,1,,,,<LOD,1,,,,64,1,,,,57,1,,,,16,1,,,,280,1,,,,12,1,,,,4,1,,,,<LOD,18,,,,<LOD,20,,,,<LOD,31,,,,<LOD,40,,,,<LOD,10,,,,<LOD,7,,,,12,1,,,,<LOD,12,,,,11,2,,,,<LOD,6,,,,623530,703,
72,Geochem(2),,72,G10,33.60400009,-101.9039993,985.0300293,,5/7/18,15:23:47,ppm,,,<LOD,5485,,,,72958,392,,,,269736,522,,,,<LOD,187,,,,124,14,,,,13484,43,,,,881,20,,,,2959,51,,,,51,6,,,,64,8,,,,256,8,,,,19794,53,,,,<LOD,50,,,,20,3,,,,19,2,,,,47,1,,,,7,1,,,,<LOD,1,,,,68,1,,,,59,1,,,,16,1,,,,279,1,,,,14,1,,,,5,1,,,,<LOD,18,,,,<LOD,20,,,,<LOD,31,,,,<LOD,40,,,,<LOD,10,,,,<LOD,7,,,,12,1,,,,<LOD,12,,,,11,2,,,,<LOD,6,,,,619135,705,
73,Geochem(2),,73,H01,33.60419846,-101.9039993,977.7150269,,5/7/18,15:27:03,ppm,,,<LOD,9458,,,,66726,387,,,,266568,531,,,,<LOD,203,,,,137,15,,,,13206,44,,,,6491,28,,,,3216,53,,,,50,6,,,,51,8,,,,251,8,,,,19930,55,,,,<LOD,51,,,,23,3,,,,17,2,,,,49,1,,,,6,1,,,,<LOD,1,,,,69,1,,,,68,1,,,,17,1,,,,297,1,,,,14,1,,,,7,1,,,,<LOD,18,,,,<LOD,21,,,,<LOD,32,,,,<LOD,41,,,,<LOD,11,,,,<LOD,7,,,,13,1,,,,<LOD,12,,,,13,2,,,,<LOD,6,,,,622777,719,
74,Geochem(2),,74,H02,33.60400009,-101.9039993,982.0180054,,5/7/18,15:29:08,ppm,,,<LOD,5688,,,,69652,387,,,,256895,510,,,,<LOD,195,,,,87,14,,,,12981,42,,,,1130,20,,,,2980,50,,,,52,6,,,,56,8,,,,288,8,,,,19246,52,,,,<LOD,49,,,,20,3,,,,13,1,,,,45,1,,,,7,1,,,,<LOD,1,,,,63,1,,,,58,1,,,,17,1,,,,237,1,,,,13,1,,,,3,1,,,,<LOD,18,,,,<LOD,20,,,,<LOD,31,,,,<LOD,40,,,,<LOD,10,,,,<LOD,7,,,,12,1,,,,<LOD,12,,,,11,2,,,,<LOD,6,,,,636134,693,
75,Geochem(2),,75,H03,33.60400009,-101.9039993,980.5219727,,5/7/18,15:31:29,ppm,,,<LOD,5488,,,,74319,391,,,,262324,507,,,,<LOD,191,,,,188,14,,,,13303,42,,,,1527,20,,,,3430,52,,,,66,6,,,,30,7,,,,214,7,,,,21431,55,,,,<LOD,51,,,,21,3,,,,14,1,,,,53,1,,,,7,1,,,,<LOD,1,,,,74,1,,,,64,1,,,,18,1,,,,295,1,,,,14,1,,,,4,1,,,,<LOD,17,,,,<LOD,20,,,,<LOD,30,,,,<LOD,39,,,,<LOD,10,,,,<LOD,7,,,,13,1,,,,<LOD,12,,,,10,2,,,,<LOD,6,,,,622580,697,
76,Geochem(2),,76,H04,33.60390091,-101.9039993,982.7860107,,5/7/18,15:36:34,ppm,,,<LOD,5372,,,,76199,394,,,,271600,518,,,,<LOD,183,,,,169,14,,,,13589,43,,,,1093,21,,,,3118,51,,,,67,6,,,,41,7,,,,240,8,,,,20905,54,,,,<LOD,51,,,,24,3,,,,15,1,,,,50,1,,,,7,1,,,,<LOD,1,,,,70,1,,,,61,1,,,,17,1,,,,275,1,,,,12,1,,,,<LOD,5,,,,<LOD,18,,,,<LOD,20,,,,<LOD,30,,,,<LOD,39,,,,<LOD,10,,,,<LOD,7,,,,13,1,,,,<LOD,12,,,,7,2,,,,<LOD,6,,,,612428,704,
77,Geochem(2),,77,H05,33.60400009,-101.9039993,981.434021,,5/7/18,15:38:55,ppm,,,<LOD,5492,,,,75461,393,,,,261432,506,,,,<LOD,190,,,,207,14,,,,13475,43,,,,1224,20,,,,3165,51,,,,63,6,,,,44,7,,,,241,8,,,,20952,54,,,,<LOD,50,,,,19,3,,,,14,1,,,,51,1,,,,8,1,,,,<LOD,1,,,,70,1,,,,61,1,,,,17,1,,,,263,1,,,,13,1,,,,3,1,,,,<LOD,17,,,,<LOD,20,,,,21,5,,,,<LOD,39,,,,<LOD,10,,,,<LOD,7,,,,13,1,,,,<LOD,12,,,,6,2,,,,<LOD,6,,,,623178,696,
78,Geochem(2),,78,H06,33.60390091,-101.9039993,986.1799927,,5/7/18,15:40:47,ppm,,,2999,961,,,,78333,387,,,,274173,561,,,,<LOD,172,,,,228,13,,,,14082,44,,,,1489,20,,,,3577,51,,,,63,6,,,,40,7,,,,333,8,,,,22270,58,,,,<LOD,50,,,,18,2,,,,15,1,,,,52,1,,,,8,1,,,,<LOD,1,,,,71,1,,,,63,1,,,,18,1,,,,290,1,,,,12,1,,,,<LOD,5,,,,<LOD,17,,,,<LOD,19,,,,<LOD,29,,,,<LOD,37,,,,6,2,,,,3,1,,,,13,1,,,,<LOD,11,,,,5,2,,,,<LOD,5,,,,601838,894,
79,Geochem(2),,79,H07,33.60400009,-101.9039993,981.5980225,,5/7/18,15:43:05,ppm,,,<LOD,6222,,,,65543,393,,,,254701,528,,,,<LOD,214,,,,123,15,,,,13127,44,,,,1493,21,,,,3117,53,,,,56,6,,,,27,8,,,,261,8,,,,20700,57,,,,<LOD,52,,,,21,3,,,,15,2,,,,50,1,,,,7,1,,,,<LOD,1,,,,68,1,,,,61,1,,,,18,1,,,,300,1,,,,15,1,,,,7,1,,,,<LOD,18,,,,<LOD,21,,,,<LOD,31,,,,<LOD,41,,,,<LOD,11,,,,<LOD,7,,,,14,1,,,,<LOD,12,,,,18,2,,,,<LOD,6,,,,640259,717,
80,Geochem(2),,80,H08,33.60400009,-101.9039993,978.0529785,,5/7/18,15:45:23,ppm,,,<LOD,5724,,,,71248,396,,,,262906,523,,,,<LOD,199,,,,111,14,,,,13841,45,,,,1298,21,,,,3142,52,,,,57,6,,,,39,8,,,,283,8,,,,20824,56,,,,<LOD,52,,,,22,3,,,,16,2,,,,48,1,,,,8,1,,,,<LOD,1,,,,70,1,,,,61,1,,,,17,1,,,,292,1,,,,14,1,,,,6,1,,,,<LOD,18,,,,<LOD,20,,,,<LOD,31,,,,<LOD,40,,,,9,2,,,,<LOD,7,,,,12,1,,,,<LOD,12,,,,11,2,,,,<LOD,6,,,,625666,713,
81,Geochem(2),,81,H09,33.60400009,-101.9039993,980.9719849,,5/7/18,15:47:46,ppm,,,<LOD,5083,,,,73530,378,,,,276329,510,,,,<LOD,177,,,,147,13,,,,13077,41,,,,888,20,,,,3178,50,,,,52,6,,,,50,7,,,,225,7,,,,20007,51,,,,<LOD,48,,,,19,2,,,,14,1,,,,49,1,,,,7,0,,,,<LOD,1,,,,69,1,,,,60,1,,,,19,1,,,,274,1,,,,12,1,,,,<LOD,5,,,,<LOD,17,,,,<LOD,19,,,,<LOD,29,,,,<LOD,38,,,,<LOD,10,,,,<LOD,6,,,,12,1,,,,<LOD,11,,,,6,2,,,,<LOD,5,,,,611975,685,
82,Geochem(2),,82,H10,33.60409927,-101.9039993,980.5960083,,5/7/18,15:50:04,ppm,,,<LOD,5577,,,,72126,391,,,,266446,518,,,,<LOD,192,,,,171,14,,,,13462,43,,,,1296,21,,,,3068,51,,,,55,6,,,,43,8,,,,280,8,,,,20493,54,,,,<LOD,51,,,,24,3,,,,16,1,,,,49,1,,,,7,1,,,,<LOD,1,,,,70,1,,,,61,1,,,,16,1,,,,297,1,,,,14,1,,,,5,1,,,,<LOD,18,,,,<LOD,20,,,,<LOD,31,,,,<LOD,40,,,,<LOD,10,,,,3,1,,,,13,1,,,,<LOD,12,,,,10,2,,,,<LOD,6,,,,621973,704,
83,Geochem(2),,83,CHECK,33.60390091,-101.9039993,989.1779785,,5/7/18,16:43:13,ppm,,,23316,2508,,,,11835,384,,,,9438,119,,,,1552,38,,,,13147,59,,,,12282,54,,,,1255,21,,,,<LOD,373,,,,261,9,,,,153324,422,,,,20740,111,,,,635892,1666,,,,<LOD,84,,,,89993,276,,,,4730,48,,,,<LOD,3,,,,<LOD,2,,,,<LOD,1,,,,<LOD,1,,,,<LOD,1,,,,<LOD,1,,,,<LOD,1,,,,<LOD,1,,,,20805,59,,,,<LOD,3,,,,<LOD,4,,,,139,17,,,,106,23,,,,340,19,,,,<LOD,4,,,,186,13,,,,607,12,,,,<LOD,2,,,,52,6,,,,<LOD,0,
84,Geochem(2),,84,I01,33.60369873,-101.9039993,,,5/7/18,16:47:30,ppm,,,<LOD,5431,,,,69676,381,,,,275370,519,,,,<LOD,182,,,,167,14,,,,12405,41,,,,1169,20,,,,3238,51,,,,62,6,,,,31,7,,,,275,8,,,,19659,52,,,,<LOD,49,,,,19,2,,,,14,1,,,,49,1,,,,7,1,,,,<LOD,1,,,,68,1,,,,61,1,,,,18,1,,,,260,1,,,,13,1,,,,3,1,,,,<LOD,17,,,,<LOD,20,,,,<LOD,30,,,,<LOD,39,,,,<LOD,10,,,,<LOD,7,,,,12,1,,,,<LOD,12,,,,10,2,,,,<LOD,6,,,,617414,692,
85,Geochem(2),,85,I02,33.60400009,-101.9039993,988.7930298,,5/7/18,16:49:48,ppm,,,<LOD,9742,,,,66969,389,,,,258589,518,,,,<LOD,202,,,,139,14,,,,12712,42,,,,1408,20,,,,3059,51,,,,56,6,,,,33,7,,,,242,8,,,,20533,55,,,,<LOD,51,,,,19,3,,,,14,1,,,,50,1,,,,7,1,,,,<LOD,1,,,,70,1,,,,63,1,,,,17,1,,,,281,1,,,,13,1,,,,6,1,,,,<LOD,18,,,,<LOD,20,,,,<LOD,31,,,,<LOD,40,,,,<LOD,11,,,,3,1,,,,13,1,,,,<LOD,12,,,,12,2,,,,<LOD,6,,,,635691,702,
86,Geochem(2),,86,I03,33.60359955,-101.9039993,989.0529785,,5/7/18,16:51:58,ppm,,,<LOD,5287,,,,74200,383,,,,266121,500,,,,<LOD,183,,,,274,14,,,,12468,40,,,,1687,20,,,,3227,50,,,,49,5,,,,45,7,,,,251,8,,,,21226,54,,,,<LOD,50,,,,21,2,,,,17,1,,,,52,1,,,,7,1,,,,<LOD,1,,,,70,1,,,,66,1,,,,18,1,,,,280,1,,,,12,1,,,,<LOD,5,,,,<LOD,17,,,,<LOD,19,,,,<LOD,29,,,,<LOD,38,,,,<LOD,10,,,,<LOD,6,,,,12,1,,,,<LOD,11,,,,9,2,,,,<LOD,5,,,,619889,681,
87,Geochem(2),,87,I04,33.60380173,-101.9039993,989.8300171,,5/7/18,16:54:30,ppm,,,<LOD,6302,,,,69546,399,,,,248750,510,,,,<LOD,213,,,,329,15,,,,13470,44,,,,2180,21,,,,3216,52,,,,57,6,,,,27,7,,,,276,8,,,,21054,56,,,,<LOD,52,,,,28,3,,,,20,2,,,,49,1,,,,7,1,,,,<LOD,1,,,,72,1,,,,62,1,,,,17,1,,,,278,1,,,,14,1,,,,6,1,,,,<LOD,18,,,,<LOD,20,,,,<LOD,31,,,,<LOD,40,,,,6,2,,,,<LOD,7,,,,14,1,,,,<LOD,12,,,,15,2,,,,<LOD,6,,,,640508,706,
88,Geochem(2),,88,I05,33.60409927,-101.9039993,,,5/7/18,16:56:30,ppm,,,<LOD,5210,,,,77152,390,,,,274940,509,,,,<LOD,180,,,,187,14,,,,13085,41,,,,1319,20,,,,3266,51,,,,66,6,,,,48,7,,,,235,8,,,,20926,53,,,,<LOD,50,,,,20,2,,,,14,1,,,,51,1,,,,8,1,,,,<LOD,1,,,,70,1,,,,60,1,,,,17,1,,,,268,1,,,,13,1,,,,4,1,,,,<LOD,17,,,,<LOD,19,,,,<LOD,29,,,,<LOD,38,,,,<LOD,10,,,,3,1,,,,13,1,,,,<LOD,11,,,,8,2,,,,<LOD,5,,,,608228,691,
89,Geochem(2),,89,I06,33.60380173,-101.9039993,986.8909912,,5/7/18,16:58:41,ppm,,,3988,966,,,,77452,383,,,,274580,556,,,,<LOD,171,,,,323,13,,,,13078,42,,,,1662,20,,,,3188,49,,,,63,5,,,,46,7,,,,235,7,,,,21014,55,,,,<LOD,48,,,,16,2,,,,15,1,,,,51,1,,,,7,0,,,,<LOD,1,,,,70,1,,,,62,1,,,,17,0,,,,266,1,,,,10,1,,,,<LOD,5,,,,<LOD,16,,,,<LOD,18,,,,<LOD,28,,,,<LOD,37,,,,<LOD,10,,,,<LOD,6,,,,12,1,,,,<LOD,11,,,,<LOD,9,,,,<LOD,5,,,,603847,888,
90,Geochem(2),,90,I07,33.60380173,-101.9039993,985.9699707,,5/7/18,17:00:31,ppm,,,<LOD,9784,,,,70177,399,,,,259905,523,,,,<LOD,202,,,,208,15,,,,13483,44,,,,1638,21,,,,3236,53,,,,62,6,,,,26,8,,,,268,8,,,,21172,57,,,,<LOD,52,,,,18,3,,,,16,2,,,,50,1,,,,7,1,,,,<LOD,1,,,,69,1,,,,62,1,,,,19,1,,,,285,1,,,,14,1,,,,5,1,,,,<LOD,18,,,,<LOD,20,,,,<LOD,31,,,,<LOD,40,,,,<LOD,10,,,,3,1,,,,12,1,,,,<LOD,12,,,,13,2,,,,<LOD,6,,,,629251,714,
91,Geochem(2),,91,I08,33.60369873,-101.9039993,986.0869751,,5/7/18,17:02:39,ppm,,,<LOD,11030,,,,67631,414,,,,252289,540,,,,<LOD,228,,,,93,16,,,,12470,44,,,,1390,21,,,,2943,53,,,,43,6,,,,44,8,,,,222,8,,,,19729,57,,,,<LOD,52,,,,19,3,,,,17,2,,,,48,1,,,,8,1,,,,<LOD,1,,,,67,1,,,,61,1,,,,17,1,,,,292,1,,,,14,1,,,,8,1,,,,<LOD,19,,,,<LOD,21,,,,<LOD,33,,,,<LOD,42,,,,<LOD,11,,,,<LOD,7,,,,11,1,,,,<LOD,13,,,,9,2,,,,3,1,,,,642570,736,
92,Geochem(2),,92,I09,33.60369873,-101.9039993,985.710022,,5/7/18,17:04:58,ppm,,,3188,999,,,,78715,394,,,,274463,569,,,,<LOD,174,,,,222,13,,,,13337,43,,,,1321,20,,,,2929,48,,,,54,5,,,,44,7,,,,223,7,,,,20086,55,,,,<LOD,48,,,,20,2,,,,14,1,,,,49,1,,,,7,0,,,,<LOD,1,,,,69,1,,,,59,1,,,,16,0,,,,242,1,,,,11,1,,,,<LOD,5,,,,<LOD,17,,,,<LOD,19,,,,<LOD,29,,,,<LOD,38,,,,<LOD,10,,,,<LOD,6,,,,13,1,,,,<LOD,11,,,,<LOD,9,,,,<LOD,5,,,,604918,911,
93,Geochem(2),,93,I10,33.60400009,-101.9039993,978.0469971,,5/7/18,17:06:50,ppm,,,<LOD,11216,,,,65985,413,,,,250839,541,,,,<LOD,231,,,,157,16,,,,12694,45,,,,1478,21,,,,2905,53,,,,55,6,,,,25,8,,,,223,8,,,,19927,57,,,,<LOD,53,,,,23,3,,,,16,2,,,,46,1,,,,8,1,,,,<LOD,1,,,,70,1,,,,61,1,,,,18,1,,,,255,1,,,,14,1,,,,9,1,,,,<LOD,19,,,,<LOD,22,,,,<LOD,33,,,,<LOD,43,,,,<LOD,11,,,,<LOD,7,,,,12,1,,,,<LOD,13,,,,16,2,,,,<LOD,6,,,,645163,737,
94,Geochem(2),,94,J01,33.60400009,-101.9039993,979.1259766,,5/7/18,17:09:13,ppm,,,<LOD,9742,,,,68301,398,,,,270436,540,,,,<LOD,201,,,,239,15,,,,13015,44,,,,1332,21,,,,3184,53,,,,50,6,,,,43,8,,,,249,8,,,,19277,54,,,,<LOD,50,,,,20,3,,,,18,2,,,,46,1,,,,7,1,,,,<LOD,1,,,,65,1,,,,57,1,,,,17,1,,,,270,1,,,,14,1,,,,7,1,,,,<LOD,18,,,,<LOD,21,,,,<LOD,32,,,,<LOD,41,,,,<LOD,10,,,,3,1,,,,11,1,,,,<LOD,12,,,,14,2,,,,2,1,,,,623323,723,
95,Geochem(2),,95,J02,33.60400009,-101.9039993,973.1719971,,5/7/18,17:11:35,ppm,,,<LOD,7586,,,,62682,415,,,,235399,533,,,,<LOD,252,,,,179,16,,,,12522,45,,,,2029,22,,,,3105,55,,,,50,6,,,,30,8,,,,244,8,,,,20138,59,,,,<LOD,54,,,,21,3,,,,18,2,,,,47,1,,,,9,1,,,,<LOD,1,,,,68,1,,,,59,1,,,,19,1,,,,258,1,,,,14,1,,,,11,1,,,,<LOD,19,,,,<LOD,22,,,,<LOD,33,,,,<LOD,43,,,,<LOD,11,,,,<LOD,7,,,,12,1,,,,<LOD,13,,,,20,2,,,,<LOD,6,,,,663067,736,
96,Geochem(2),,96,J03,33.60400009,-101.9039993,967.7230225,,5/7/18,17:13:34,ppm,,,<LOD,5659,,,,69991,391,,,,272169,528,,,,<LOD,190,,,,169,14,,,,12818,42,,,,1165,20,,,,3198,52,,,,56,6,,,,34,8,,,,257,8,,,,19357,52,,,,<LOD,49,,,,19,3,,,,16,1,,,,46,1,,,,7,1,,,,<LOD,1,,,,63,1,,,,58,1,,,,17,1,,,,275,1,,,,14,1,,,,8,1,,,,<LOD,18,,,,<LOD,20,,,,<LOD,31,,,,<LOD,40,,,,<LOD,10,,,,<LOD,7,,,,11,1,,,,<LOD,12,,,,11,2,,,,<LOD,6,,,,620244,707,
97,Geochem(2),,97,J04,33.60409927,-101.9039993,967.2819824,,5/7/18,17:16:02,ppm,,,<LOD,5831,,,,69533,390,,,,262334,515,,,,<LOD,194,,,,212,14,,,,12757,42,,,,1318,20,,,,2918,50,,,,57,6,,,,30,7,,,,247,8,,,,19253,52,,,,<LOD,49,,,,21,3,,,,15,1,,,,45,1,,,,7,1,,,,<LOD,1,,,,65,1,,,,58,1,,,,17,1,,,,276,1,,,,12,1,,,,4,1,,,,<LOD,18,,,,<LOD,20,,,,<LOD,30,,,,<LOD,39,,,,<LOD,10,,,,<LOD,7,,,,11,1,,,,<LOD,12,,,,11,2,,,,<LOD,6,,,,630798,696,
98,Geochem(2),,98,J05,33.60409927,-101.9039993,962.375,,5/7/18,17:18:00,ppm,,,<LOD,11674,,,,59476,402,,,,241819,535,,,,<LOD,242,,,,164,16,,,,11979,44,,,,1717,21,,,,3253,55,,,,49,6,,,,32,8,,,,235,8,,,,19152,56,,,,<LOD,52,,,,21,3,,,,15,2,,,,47,1,,,,8,1,,,,<LOD,1,,,,63,1,,,,60,1,,,,18,1,,,,293,1,,,,15,1,,,,9,1,,,,<LOD,19,,,,<LOD,21,,,,17,6,,,,<LOD,42,,,,<LOD,11,,,,<LOD,7,,,,10,1,,,,<LOD,13,,,,20,2,,,,<LOD,6,,,,661525,725,
99,Geochem(2),,99,J06,33.60400009,-101.9039993,972.9550171,,5/7/18,17:20:27,ppm,,,<LOD,9561,,,,66728,385,,,,263157,520,,,,<LOD,201,,,,203,14,,,,11961,41,,,,1035,20,,,,2956,51,,,,60,6,,,,26,7,,,,247,8,,,,18583,51,,,,<LOD,48,,,,18,3,,,,18,2,,,,45,1,,,,7,1,,,,<LOD,1,,,,64,1,,,,56,1,,,,18,1,,,,280,1,,,,13,1,,,,8,1,,,,<LOD,18,,,,<LOD,20,,,,<LOD,31,,,,<LOD,40,,,,<LOD,10,,,,<LOD,7,,,,12,1,,,,<LOD,12,,,,14,2,,,,<LOD,6,,,,634491,696,
100,Geochem(2),,100,J07,33.60400009,-101.9039993,979.0709839,,5/7/18,17:22:20,ppm,,,<LOD,6293,,,,65799,399,,,,265252,542,,,,<LOD,213,,,,272,16,,,,13028,44,,,,1727,22,,,,3212,54,,,,53,6,,,,32,8,,,,266,8,,,,18903,54,,,,<LOD,50,,,,13,3,,,,17,2,,,,45,1,,,,6,1,,,,<LOD,1,,,,63,1,,,,58,1,,,,19,1,,,,274,1,,,,14,1,,,,7,1,,,,<LOD,19,,,,<LOD,21,,,,<LOD,32,,,,<LOD,41,,,,<LOD,11,,,,<LOD,7,,,,13,1,,,,<LOD,12,,,,16,2,,,,<LOD,6,,,,630912,726,
101,Geochem(2),,101,J08,33.60400009,-101.9039993,979.4459839,,5/7/18,17:24:20,ppm,,,<LOD,10541,,,,64040,397,,,,258260,537,,,,<LOD,219,,,,187,16,,,,12629,44,,,,1285,21,,,,2926,52,,,,58,6,,,,49,8,,,,252,8,,,,18844,54,,,,<LOD,50,,,,19,3,,,,15,2,,,,45,1,,,,7,1,,,,<LOD,1,,,,64,1,,,,59,1,,,,17,1,,,,298,1,,,,14,1,,,,9,1,,,,<LOD,19,,,,<LOD,21,,,,<LOD,32,,,,<LOD,42,,,,<LOD,11,,,,<LOD,7,,,,11,1,,,,<LOD,12,,,,12,2,,,,3,1,,,,640897,720,
102,Geochem(2),,102,J09,33.60390091,-101.9039993,980.3469849,,5/7/18,17:26:36,ppm,,,<LOD,5827,,,,72052,395,,,,260658,513,,,,<LOD,199,,,,174,14,,,,12753,42,,,,1117,20,,,,3004,51,,,,58,6,,,,38,7,,,,271,8,,,,19403,52,,,,<LOD,49,,,,20,3,,,,11,1,,,,46,1,,,,7,1,,,,<LOD,1,,,,66,1,,,,58,1,,,,17,1,,,,261,1,,,,12,1,,,,3,1,,,,<LOD,18,,,,<LOD,20,,,,<LOD,30,,,,<LOD,40,,,,<LOD,10,,,,3,1,,,,13,1,,,,<LOD,12,,,,10,2,,,,<LOD,6,,,,629945,699,
103,Geochem(2),,103,J10,33.60400009,-101.9039993,977.9130249,,5/7/18,17:28:42,ppm,,,<LOD,5845,,,,75146,402,,,,258069,511,,,,<LOD,198,,,,183,14,,,,12886,42,,,,1373,20,,,,2952,50,,,,59,6,,,,35,7,,,,262,8,,,,20114,54,,,,<LOD,50,,,,19,3,,,,12,1,,,,46,1,,,,7,1,,,,<LOD,1,,,,66,1,,,,58,1,,,,16,1,,,,236,1,,,,13,1,,,,6,1,,,,<LOD,18,,,,<LOD,20,,,,<LOD,31,,,,<LOD,40,,,,<LOD,10,,,,<LOD,7,,,,12,1,,,,<LOD,12,,,,11,2,,,,<LOD,6,,,,628417,704,
104,Geochem(2),,104,K01,33.60400009,-101.9039993,978.3660278,,5/7/18,18:02:37,ppm,,,<LOD,5790,,,,68990,388,,,,266671,518,,,,<LOD,198,,,,174,14,,,,12321,41,,,,663,19,,,,3006,51,,,,55,6,,,,41,7,,,,242,8,,,,17993,49,,,,<LOD,47,,,,12,2,,,,16,1,,,,43,1,,,,7,0,,,,<LOD,1,,,,60,1,,,,55,1,,,,15,1,,,,313,1,,,,12,1,,,,5,1,,,,<LOD,18,,,,<LOD,20,,,,<LOD,30,,,,<LOD,40,,,,<LOD,10,,,,<LOD,7,,,,10,1,,,,<LOD,12,,,,10,2,,,,<LOD,6,,,,629285,693,
105,Geochem(2),,105,K02,33.60409927,-101.9039993,977.8079834,,5/7/18,18:05:04,ppm,,,<LOD,6562,,,,65609,403,,,,257572,536,,,,<LOD,218,,,,145,15,,,,12238,43,,,,886,20,,,,2922,52,,,,46,6,,,,25,8,,,,254,8,,,,17409,51,,,,<LOD,48,,,,17,3,,,,15,2,,,,41,1,,,,6,1,,,,<LOD,1,,,,58,1,,,,54,1,,,,16,1,,,,292,1,,,,13,1,,,,7,1,,,,<LOD,19,,,,<LOD,21,,,,<LOD,32,,,,<LOD,42,,,,<LOD,11,,,,<LOD,7,,,,11,1,,,,<LOD,12,,,,11,2,,,,<LOD,6,,,,642353,719,
106,Geochem(2),,106,K03,33.60400009,-101.9039993,976.9019775,,5/7/18,18:06:59,ppm,,,<LOD,8885,,,,66807,378,,,,277499,525,,,,<LOD,188,,,,201,14,,,,12269,41,,,,698,19,,,,2736,49,,,,59,6,,,,41,7,,,,240,8,,,,16487,46,,,,<LOD,44,,,,15,2,,,,15,1,,,,38,1,,,,6,0,,,,<LOD,1,,,,57,1,,,,54,1,,,,16,0,,,,272,1,,,,11,1,,,,3,1,,,,<LOD,18,,,,<LOD,20,,,,<LOD,30,,,,<LOD,39,,,,<LOD,10,,,,<LOD,7,,,,9,1,,,,<LOD,12,,,,11,2,,,,<LOD,6,,,,622455,688,
107,Geochem(2),,107,K04,33.60419846,-101.9039993,975.3209839,,5/7/18,18:08:54,ppm,,,<LOD,6478,,,,61965,384,,,,247689,511,,,,<LOD,220,,,,222,15,,,,12042,41,,,,1392,20,,,,2992,51,,,,47,6,,,,51,8,,,,245,8,,,,17459,50,,,,<LOD,47,,,,15,3,,,,14,1,,,,42,1,,,,6,0,,,,<LOD,1,,,,59,1,,,,55,1,,,,16,1,,,,271,1,,,,13,1,,,,6,1,,,,<LOD,18,,,,<LOD,20,,,,<LOD,31,,,,<LOD,40,,,,<LOD,10,,,,<LOD,7,,,,10,1,,,,<LOD,12,,,,11,2,,,,<LOD,6,,,,655377,688,
108,Geochem(2),,108,K05,33.60409927,-101.9039993,974.9890137,,5/7/18,18:11:11,ppm,,,<LOD,11641,,,,66320,432,,,,264709,582,,,,<LOD,252,,,,405,19,,,,12121,47,,,,1982,24,,,,3089,57,,,,43,6,,,,40,8,,,,263,9,,,,17253,54,,,,<LOD,51,,,,30,3,,,,15,2,,,,39,1,,,,6,1,,,,<LOD,2,,,,57,1,,,,57,1,,,,16,1,,,,311,1,,,,13,1,,,,7,1,,,,<LOD,20,,,,<LOD,22,,,,<LOD,34,,,,<LOD,44,,,,<LOD,12,,,,<LOD,8,,,,11,1,,,,<LOD,13,,,,15,2,,,,<LOD,6,,,,633197,777,
109,Geochem(2),,109,K06,33.60400009,-101.9039993,982.1279907,,5/7/18,18:13:47,ppm,,,<LOD,6350,,,,62661,386,,,,252680,518,,,,<LOD,219,,,,338,15,,,,11664,41,,,,1162,20,,,,3115,52,,,,47,6,,,,37,8,,,,240,8,,,,17241,49,,,,<LOD,47,,,,22,3,,,,15,1,,,,40,1,,,,6,1,,,,<LOD,1,,,,57,1,,,,54,1,,,,16,1,,,,278,1,,,,12,1,,,,6,1,,,,<LOD,18,,,,<LOD,20,,,,<LOD,31,,,,<LOD,40,,,,<LOD,10,,,,<LOD,7,,,,11,1,,,,<LOD,12,,,,13,2,,,,<LOD,6,,,,650283,694,
110,Geochem(2),,110,K07,33.60400009,-101.9039993,983.2069702,,5/7/18,18:15:58,ppm,,,<LOD,5771,,,,67170,386,,,,268941,524,,,,<LOD,200,,,,279,15,,,,12365,42,,,,1105,20,,,,2930,51,,,,45,6,,,,45,8,,,,234,8,,,,17160,48,,,,<LOD,46,,,,17,3,,,,16,1,,,,40,1,,,,7,0,,,,<LOD,1,,,,57,1,,,,57,1,,,,15,1,,,,275,1,,,,13,1,,,,7,1,,,,<LOD,18,,,,<LOD,20,,,,<LOD,31,,,,<LOD,40,,,,<LOD,10,,,,<LOD,7,,,,10,1,,,,<LOD,12,,,,12,2,,,,<LOD,6,,,,629199,697,
111,Geochem(2),,111,K08,33.60400009,-101.9039993,982.5170288,,5/7/18,18:18:54,ppm,,,<LOD,5172,,,,73503,380,,,,275086,509,,,,<LOD,181,,,,196,13,,,,12937,41,,,,955,19,,,,3082,49,,,,47,5,,,,35,7,,,,237,7,,,,18503,49,,,,<LOD,46,,,,15,2,,,,18,1,,,,45,1,,,,6,0,,,,<LOD,1,,,,62,1,,,,55,1,,,,26,1,,,,269,1,,,,10,1,,,,<LOD,5,,,,<LOD,17,,,,<LOD,19,,,,<LOD,29,,,,<LOD,38,,,,<LOD,10,,,,<LOD,6,,,,11,1,,,,<LOD,11,,,,8,2,,,,<LOD,5,,,,614895,681,
112,Geochem(2),,112,K09,33.60400009,-101.9039993,979.90802,,5/7/18,18:20:48,ppm,,,<LOD,5878,,,,65266,385,,,,266804,526,,,,<LOD,203,,,,158,15,,,,11847,41,,,,787,19,,,,3024,51,,,,62,6,,,,31,8,,,,279,8,,,,17628,49,,,,<LOD,47,,,,19,3,,,,15,1,,,,41,1,,,,6,1,,,,<LOD,1,,,,59,1,,,,58,1,,,,17,1,,,,304,1,,,,13,1,,,,6,1,,,,<LOD,18,,,,<LOD,20,,,,<LOD,31,,,,<LOD,40,,,,<LOD,10,,,,<LOD,7,,,,11,1,,,,<LOD,12,,,,13,2,,,,<LOD,6,,,,633553,698,
113,Geochem(2),,113,K10,33.60400009,-101.9039993,981.8400269,,5/7/18,18:22:45,ppm,,,<LOD,5449,,,,64604,371,,,,279936,525,,,,<LOD,186,,,,157,14,,,,11980,40,,,,435,19,,,,2893,50,,,,41,5,,,,24,7,,,,244,8,,,,16134,45,,,,<LOD,44,,,,21,2,,,,13,1,,,,38,1,,,,5,0,,,,<LOD,1,,,,56,1,,,,53,1,,,,15,0,,,,266,1,,,,12,1,,,,5,1,,,,<LOD,18,,,,<LOD,20,,,,<LOD,30,,,,<LOD,39,,,,<LOD,10,,,,<LOD,7,,,,11,1,,,,<LOD,12,,,,6,2,,,,<LOD,5,,,,623050,683,
114,Geochem(2),,114,L01,33.60400009,-101.9039993,984.3850098,,5/7/18,18:27:20,ppm,,,<LOD,9323,,,,68634,388,,,,262808,513,,,,<LOD,201,,,,177,14,,,,12973,42,,,,629,19,,,,3005,51,,,,52,6,,,,26,7,,,,263,8,,,,16904,47,,,,<LOD,45,,,,17,2,,,,15,1,,,,39,1,,,,6,0,,,,<LOD,1,,,,56,1,,,,53,1,,,,16,0,,,,281,1,,,,13,1,,,,6,1,,,,<LOD,18,,,,<LOD,20,,,,<LOD,30,,,,<LOD,39,,,,<LOD,10,,,,<LOD,7,,,,10,1,,,,<LOD,12,,,,9,2,,,,<LOD,6,,,,634007,689,
115,Geochem(2),,115,L02,33.60400009,-101.9039993,982.3540039,,5/7/18,18:29:17,ppm,,,<LOD,10146,,,,62930,393,,,,267765,543,,,,<LOD,209,,,,170,15,,,,13150,44,,,,725,20,,,,3098,53,,,,47,6,,,,51,8,,,,244,8,,,,16506,49,,,,<LOD,47,,,,13,3,,,,17,2,,,,39,1,,,,6,1,,,,<LOD,1,,,,55,1,,,,54,1,,,,17,1,,,,268,1,,,,14,1,,,,7,1,,,,<LOD,19,,,,<LOD,21,,,,<LOD,32,,,,<LOD,42,,,,<LOD,11,,,,<LOD,7,,,,11,1,,,,<LOD,12,,,,13,2,,,,<LOD,6,,,,634799,716,
116,Geochem(2),,116,L03,33.60400009,-101.9039993,980.6939697,,5/7/18,18:31:24,ppm,,,<LOD,9624,,,,63295,381,,,,265045,523,,,,<LOD,206,,,,278,15,,,,12502,42,,,,853,20,,,,3143,52,,,,51,6,,,,28,7,,,,265,8,,,,15348,45,,,,<LOD,44,,,,18,3,,,,15,1,,,,36,1,,,,5,0,,,,<LOD,1,,,,53,1,,,,53,1,,,,15,0,,,,312,1,,,,13,1,,,,6,1,,,,<LOD,18,,,,<LOD,20,,,,<LOD,31,,,,<LOD,40,,,,<LOD,10,,,,4,1,,,,12,1,,,,<LOD,12,,,,9,2,,,,<LOD,6,,,,638639,691,
117,Geochem(2),,117,L04,33.60400009,-101.9039993,980.9039917,,5/7/18,18:33:35,ppm,,,<LOD,10481,,,,60976,393,,,,263826,544,,,,<LOD,222,,,,168,16,,,,12774,44,,,,1104,21,,,,2934,53,,,,42,6,,,,34,8,,,,268,8,,,,16053,48,,,,<LOD,46,,,,18,3,,,,14,2,,,,38,1,,,,7,1,,,,<LOD,1,,,,56,1,,,,56,1,,,,17,1,,,,294,1,,,,14,1,,,,8,1,,,,<LOD,19,,,,<LOD,21,,,,<LOD,32,,,,<LOD,42,,,,<LOD,11,,,,<LOD,7,,,,10,1,,,,<LOD,13,,,,16,2,,,,<LOD,6,,,,641273,717,
118,Geochem(2),,118,L05,33.60400009,-101.9039993,980.6420288,,5/7/18,18:35:29,ppm,,,<LOD,7629,,,,72910,366,,,,287623,502,,,,<LOD,169,,,,306,13,,,,12850,39,,,,550,19,,,,2881,47,,,,63,5,,,,26,7,,,,244,7,,,,16717,44,,,,<LOD,42,,,,16,2,,,,15,1,,,,39,1,,,,6,0,,,,<LOD,1,,,,56,1,,,,54,1,,,,17,0,,,,296,1,,,,10,1,,,,<LOD,5,,,,<LOD,17,,,,<LOD,19,,,,<LOD,28,,,,<LOD,37,,,,<LOD,10,,,,<LOD,6,,,,10,1,,,,<LOD,11,,,,7,2,,,,<LOD,5,,,,605304,661,
119,Geochem(2),,119,L06,33.60400009,-101.9039993,980.9039917,,5/7/18,18:37:23,ppm,,,<LOD,7071,,,,65255,347,,,,310223,518,,,,<LOD,159,,,,241,13,,,,12219,38,,,,<LOD,291,,,,3012,48,,,,42,5,,,,37,7,,,,229,7,,,,13055,37,,,,<LOD,37,,,,16,2,,,,13,1,,,,31,1,,,,5,0,,,,<LOD,1,,,,49,1,,,,52,0,,,,15,0,,,,289,1,,,,9,1,,,,<LOD,5,,,,<LOD,17,,,,<LOD,19,,,,<LOD,29,,,,<LOD,37,,,,<LOD,9,,,,<LOD,6,,,,10,1,,,,<LOD,11,,,,<LOD,9,,,,<LOD,5,,,,595198,653,
120,Geochem(2),,120,L07,33.60400009,-101.9039993,980.9039917,,5/7/18,18:39:36,ppm,,,<LOD,9862,,,,62417,383,,,,260350,522,,,,<LOD,212,,,,153,15,,,,12553,42,,,,899,19,,,,3045,52,,,,52,6,,,,36,8,,,,266,8,,,,15824,46,,,,<LOD,45,,,,20,3,,,,17,1,,,,36,1,,,,6,0,,,,<LOD,1,,,,53,1,,,,54,1,,,,16,1,,,,291,1,,,,12,1,,,,7,1,,,,<LOD,18,,,,<LOD,20,,,,<LOD,31,,,,<LOD,40,,,,<LOD,10,,,,<LOD,7,,,,11,1,,,,<LOD,12,,,,13,2,,,,2,1,,,,643868,691,
121,Geochem(2),,121,L08,33.60400009,-101.9039993,980.992981,,5/7/18,18:42:10,ppm,,,<LOD,9059,,,,62203,373,,,,279416,531,,,,<LOD,192,,,,262,15,,,,12145,41,,,,555,19,,,,2800,50,,,,40,6,,,,27,7,,,,241,8,,,,14497,43,,,,<LOD,42,,,,12,2,,,,13,1,,,,33,1,,,,5,0,,,,<LOD,1,,,,51,1,,,,51,1,,,,17,0,,,,277,1,,,,11,1,,,,5,1,,,,<LOD,18,,,,<LOD,20,,,,<LOD,31,,,,<LOD,40,,,,<LOD,10,,,,<LOD,7,,,,10,1,,,,<LOD,12,,,,11,2,,,,<LOD,6,,,,627318,686,
122,Geochem(2),,122,L09,33.60400009,-101.9039993,981.164978,,5/7/18,18:44:02,ppm,,,<LOD,10547,,,,55734,380,,,,261836,540,,,,<LOD,228,,,,283,16,,,,11305,41,,,,929,20,,,,2723,51,,,,41,6,,,,39,8,,,,235,8,,,,13000,42,,,,<LOD,41,,,,14,3,,,,15,1,,,,29,1,,,,6,0,,,,<LOD,1,,,,47,1,,,,49,1,,,,15,1,,,,267,1,,,,11,1,,,,9,1,,,,<LOD,19,,,,<LOD,21,,,,<LOD,32,,,,<LOD,42,,,,7,2,,,,<LOD,7,,,,10,1,,,,<LOD,12,,,,13,2,,,,<LOD,6,,,,653383,698,
123,Geochem(2),,123,L10,33.60400009,-101.9039993,981.8079834,,5/7/18,18:46:23,ppm,,,<LOD,6764,,,,51726,369,,,,262888,541,,,,<LOD,221,,,,171,16,,,,10659,40,,,,339,19,,,,2806,52,,,,36,6,,,,32,8,,,,217,8,,,,11934,40,,,,<LOD,39,,,,15,3,,,,12,1,,,,28,1,,,,5,0,,,,<LOD,1,,,,45,1,,,,48,1,,,,15,0,,,,283,1,,,,12,1,,,,8,1,,,,<LOD,19,,,,<LOD,21,,,,<LOD,32,,,,<LOD,42,,,,<LOD,10,,,,<LOD,7,,,,8,1,,,,<LOD,12,,,,11,2,,,,<LOD,6,,,,658703,689,
124,Geochem(2),,124,M01,33.60400009,-101.9039993,981.3729858,,5/7/18,18:50:22,ppm,,,<LOD,11087,,,,56326,382,,,,239951,513,,,,<LOD,235,,,,262,15,,,,12655,43,,,,1335,20,,,,3228,53,,,,60,6,,,,35,8,,,,287,8,,,,15387,47,,,,<LOD,45,,,,12,3,,,,16,2,,,,39,1,,,,7,1,,,,<LOD,1,,,,56,1,,,,61,1,,,,18,1,,,,384,1,,,,14,1,,,,5,1,,,,<LOD,18,,,,<LOD,21,,,,<LOD,31,,,,<LOD,41,,,,<LOD,11,,,,<LOD,7,,,,14,1,,,,<LOD,12,,,,9,2,,,,3,1,,,,669838,688,
125,Geochem(2),,125,M02,33.60400009,-101.9039993,978.5029907,,5/7/18,18:52:20,ppm,,,<LOD,6525,,,,64776,393,,,,238255,500,,,,<LOD,226,,,,250,15,,,,14606,46,,,,1721,20,,,,3784,55,,,,55,6,,,,41,8,,,,388,9,,,,21256,57,,,,<LOD,52,,,,22,3,,,,19,2,,,,56,1,,,,9,1,,,,<LOD,1,,,,79,1,,,,85,1,,,,24,1,,,,348,1,,,,15,1,,,,4,1,,,,<LOD,18,,,,<LOD,20,,,,<LOD,30,,,,<LOD,39,,,,<LOD,10,,,,<LOD,7,,,,33,1,,,,<LOD,12,,,,12,2,,,,<LOD,6,,,,654160,697,
126,Geochem(2),,126,M03,33.60400009,-101.9039993,977.9949951,,5/7/18,18:54:15,ppm,,,<LOD,10509,,,,63476,401,,,,251072,530,,,,<LOD,227,,,,360,16,,,,14497,47,,,,1834,22,,,,3533,56,,,,58,6,,,,38,8,,,,341,9,,,,18518,53,,,,<LOD,50,,,,17,3,,,,16,2,,,,50,1,,,,8,1,,,,<LOD,1,,,,70,1,,,,79,1,,,,21,1,,,,395,1,,,,15,1,,,,6,1,,,,<LOD,19,,,,<LOD,21,,,,<LOD,32,,,,<LOD,41,,,,<LOD,11,,,,<LOD,7,,,,23,1,,,,<LOD,13,,,,11,2,,,,<LOD,6,,,,645562,721,
127,Geochem(2),,127,M04,33.60400009,-101.9039993,980.0130005,,5/7/18,18:56:09,ppm,,,<LOD,6145,,,,66070,392,,,,256479,518,,,,<LOD,207,,,,331,15,,,,15216,47,,,,1168,20,,,,3656,55,,,,64,6,,,,41,8,,,,278,8,,,,18794,52,,,,<LOD,49,,,,22,3,,,,18,2,,,,51,1,,,,8,1,,,,<LOD,1,,,,74,1,,,,80,1,,,,22,1,,,,402,1,,,,16,1,,,,4,1,,,,<LOD,18,,,,<LOD,20,,,,<LOD,31,,,,<LOD,40,,,,<LOD,11,,,,<LOD,7,,,,21,1,,,,<LOD,12,,,,10,2,,,,<LOD,6,,,,637173,705,
128,Geochem(2),,128,M05,33.60400009,-101.9039993,980.4019775,,5/7/18,18:58:05,ppm,,,<LOD,5985,,,,64731,387,,,,259647,518,,,,<LOD,208,,,,290,15,,,,14355,45,,,,698,19,,,,3260,53,,,,49,6,,,,40,7,,,,319,8,,,,16667,48,,,,<LOD,46,,,,12,2,,,,16,1,,,,42,1,,,,7,1,,,,<LOD,1,,,,64,1,,,,67,1,,,,19,1,,,,392,1,,,,13,1,,,,4,1,,,,<LOD,18,,,,<LOD,20,,,,<LOD,31,,,,<LOD,40,,,,<LOD,10,,,,<LOD,7,,,,16,1,,,,<LOD,12,,,,8,2,,,,<LOD,6,,,,639285,694,
129,Geochem(2),,129,M06,33.60400009,-101.9039993,982.4060059,,5/7/18,19:00:00,ppm,,,<LOD,6345,,,,62703,387,,,,242654,505,,,,<LOD,224,,,,385,15,,,,14092,45,,,,3387,23,,,,3527,54,,,,56,6,,,,48,8,,,,337,9,,,,19916,55,,,,<LOD,51,,,,14,3,,,,18,2,,,,66,1,,,,8,1,,,,<LOD,1,,,,75,1,,,,87,1,,,,20,1,,,,360,1,,,,15,1,,,,<LOD,5,,,,<LOD,18,,,,<LOD,20,,,,<LOD,30,,,,<LOD,39,,,,<LOD,11,,,,<LOD,7,,,,23,1,,,,<LOD,12,,,,8,2,,,,<LOD,6,,,,652201,695,
130,Geochem(2),,130,M07,33.60400009,-101.9039993,983.4310303,,5/7/18,19:01:59,ppm,,,<LOD,9764,,,,67241,405,,,,267009,545,,,,<LOD,213,,,,331,16,,,,16614,51,,,,1642,22,,,,3914,58,,,,60,6,,,,31,8,,,,343,9,,,,20004,56,,,,<LOD,52,,,,18,3,,,,23,2,,,,54,1,,,,10,1,,,,<LOD,1,,,,78,1,,,,84,1,,,,23,1,,,,474,2,,,,18,1,,,,5,1,,,,<LOD,19,,,,<LOD,21,,,,<LOD,32,,,,<LOD,41,,,,<LOD,11,,,,<LOD,7,,,,22,1,,,,<LOD,13,,,,16,2,,,,<LOD,6,,,,621987,738,
131,Geochem(2),,131,M08,33.60400009,-101.9039993,982.8640137,,5/7/18,19:03:58,ppm,,,<LOD,5651,,,,65311,380,,,,263433,514,,,,<LOD,203,,,,388,15,,,,15265,46,,,,1569,20,,,,3978,55,,,,64,6,,,,39,7,,,,356,9,,,,19442,52,,,,<LOD,49,,,,14,2,,,,21,2,,,,55,1,,,,8,1,,,,<LOD,1,,,,76,1,,,,86,1,,,,22,1,,,,446,2,,,,17,1,,,,3,1,,,,<LOD,17,,,,<LOD,20,,,,<LOD,30,,,,<LOD,39,,,,<LOD,11,,,,<LOD,7,,,,31,1,,,,<LOD,12,,,,10,2,,,,<LOD,6,,,,629367,694,
132,Geochem(2),,132,M09,33.60400009,-101.9039993,981.8900146,,5/7/18,19:05:58,ppm,,,<LOD,5315,,,,65541,372,,,,278340,517,,,,<LOD,185,,,,308,14,,,,15594,45,,,,2151,21,,,,3615,53,,,,61,6,,,,33,7,,,,307,8,,,,16971,47,,,,<LOD,45,,,,17,2,,,,20,1,,,,42,1,,,,7,1,,,,<LOD,1,,,,63,1,,,,71,1,,,,21,1,,,,390,1,,,,13,1,,,,<LOD,5,,,,<LOD,17,,,,<LOD,20,,,,<LOD,30,,,,<LOD,39,,,,<LOD,10,,,,<LOD,6,,,,16,1,,,,<LOD,12,,,,9,2,,,,<LOD,6,,,,616409,685,
133,Geochem(2),,133,M10,33.60400009,-101.9039993,982.9039917,,5/7/18,19:07:49,ppm,,,<LOD,5767,,,,61318,371,,,,257679,506,,,,<LOD,213,,,,597,15,,,,14505,44,,,,2439,21,,,,3589,53,,,,58,6,,,,42,7,,,,295,8,,,,16941,47,,,,<LOD,45,,,,16,2,,,,15,1,,,,45,1,,,,7,1,,,,<LOD,1,,,,68,1,,,,78,1,,,,21,1,,,,401,1,,,,14,1,,,,<LOD,5,,,,<LOD,17,,,,<LOD,20,,,,<LOD,30,,,,<LOD,39,,,,<LOD,10,,,,<LOD,7,,,,20,1,,,,<LOD,12,,,,11,2,,,,3,1,,,,641837,678,
,,,,,,,,,,,,,,,,,,,,,,,,,,,,,,,,,,,,,,,,,,,,,,,,,,,,,,,,,,,,,,,,,,,,,,,,,,,,,,,,,,,,,,,,,,,,,,,,,,,,,,,,,,,,,,,,,,,,,,,,,,,,,,,,,,,,,,,,,,,,,,,,,,,,,,,,,,,,,,,,,,,,,,,,,,,,,,,,,,,,,,,,,,
,,,,,,,,,,,,,,,,,,,,,,,,,,,,,,,,,,,,,,,,,,,,,,,,,,,,,,,,,,,,,,,,,,,,,,,,,,,,,,,,,,,,,,,,,,,,,,,,,,,,,,,,,,,,,,,,,,,,,,,,,,,,,,,,,,,,,,,,,,,,,,,,,,,,,,,,,,,,,,,,,,,,,,,,,,,,,,,,,,,,,,,,,,
,,,,,,,,,,,,,,,,,,,,,,,,,,,,,,,,,,,,,,,,,,,,,,,,,,,,,,,,,,,,,,,,,,,,,,,,,,,,,,,,,,,,,,,,,,,,,,,,,,,,,,,,,,,,,,,,,,,,,,,,,,,,,,,,,,,,,,,,,,,,,,,,,,,,,,,,,,,,,,,,,,,,,,,,,,,,,,,,,,,,,,,,,,
,,,,,,,,,,,,,,,,,,,,,,,,,,,,,,,,,,,,,,,,,,,,,,,,,,,,,,,,,,,,,,,,,,,,,,,,,,,,,,,,,,,,,,,,,,,,,,,,,,,,,,,,,,,,,,,,,,,,,,,,,,,,,,,,,,,,,,,,,,,,,,,,,,,,,,,,,,,,,,,,,,,,,,,,,,,,,,,,,,,,,,,,,,
,,,,,,,,,,,,,,,,,,,,,,,,,,,,,,,,,,,,,,,,,,,,,,,,,,,,,,,,,,,,,,,,,,,,,,,,,,,,,,,,,,,,,,,,,,,,,,,,,,,,,,,,,,,,,,,,,,,,,,,,,,,,,,,,,,,,,,,,,,,,,,,,,,,,,,,,,,,,,,,,,,,,,,,,,,,,,,,,,,,,,,,,,,
,,,,,,,,,,,,,,,,,,,,,,,,,,,,,,,,,,,,,,,,,,,,,,,,,,,,,,,,,,,,,,,,,,,,,,,,,,,,,,,,,,,,,,,,,,,,,,,,,,,,,,,,,,,,,,,,,,,,,,,,,,,,,,,,,,,,,,,,,,,,,,,,,,,,,,,,,,,,,,,,,,,,,,,,,,,,,,,,,,,,,,,,,,
,,,,,,,,,,,,,,,,,,,,,,,,,,,,,,,,,,,,,,,,,,,,,,,,,,,,,,,,,,,,,,,,,,,,,,,,,,,,,,,,,,,,,,,,,,,,,,,,,,,,,,,,,,,,,,,,,,,,,,,,,,,,,,,,,,,,,,,,,,,,,,,,,,,,,,,,,,,,,,,,,,,,,,,,,,,,,,,,,,,,,,,,,,
,,,,,,,,,,,,,,,,,,,,,,,,,,,,,,,,,,,,,,,,,,,,,,,,,,,,,,,,,,,,,,,,,,,,,,,,,,,,,,,,,,,,,,,,,,,,,,,,,,,,,,,,,,,,,,,,,,,,,,,,,,,,,,,,,,,,,,,,,,,,,,,,,,,,,,,,,,,,,,,,,,,,,,,,,,,,,,,,,,,,,,,,,,
,,,,,,,,,,,,,,,,,,,,,,,,,,,,,,,,,,,,,,,,,,,,,,,,,,,,,,,,,,,,,,,,,,,,,,,,,,,,,,,,,,,,,,,,,,,,,,,,,,,,,,,,,,,,,,,,,,,,,,,,,,,,,,,,,,,,,,,,,,,,,,,,,,,,,,,,,,,,,,,,,,,,,,,,,,,,,,,,,,,,,,,,,,
,,,,,,,,,,,,,,,,,,,,,,,,,,,,,,,,,,,,,,,,,,,,,,,,,,,,,,,,,,,,,,,,,,,,,,,,,,,,,,,,,,,,,,,,,,,,,,,,,,,,,,,,,,,,,,,,,,,,,,,,,,,,,,,,,,,,,,,,,,,,,,,,,,,,,,,,,,,,,,,,,,,,,,,,,,,,,,,,,,,,,,,,,,
,,,,,,,,,,,,,,,,,,,,,,,,,,,,,,,,,,,,,,,,,,,,,,,,,,,,,,,,,,,,,,,,,,,,,,,,,,,,,,,,,,,,,,,,,,,,,,,,,,,,,,,,,,,,,,,,,,,,,,,,,,,,,,,,,,,,,,,,,,,,,,,,,,,,,,,,,,,,,,,,,,,,,,,,,,,,,,,,,,,,,,,,,,
,,,,,,,,,,,,,,,,,,,,,,,,,,,,,,,,,,,,,,,,,,,,,,,,,,,,,,,,,,,,,,,,,,,,,,,,,,,,,,,,,,,,,,,,,,,,,,,,,,,,,,,,,,,,,,,,,,,,,,,,,,,,,,,,,,,,,,,,,,,,,,,,,,,,,,,,,,,,,,,,,,,,,,,,,,,,,,,,,,,,,,,,,,
,,,,,,,,,,,,,,,,,,,,,,,,,,,,,,,,,,,,,,,,,,,,,,,,,,,,,,,,,,,,,,,,,,,,,,,,,,,,,,,,,,,,,,,,,,,,,,,,,,,,,,,,,,,,,,,,,,,,,,,,,,,,,,,,,,,,,,,,,,,,,,,,,,,,,,,,,,,,,,,,,,,,,,,,,,,,,,,,,,,,,,,,,,
,,,,,,,,,,,,,,,,,,,,,,,,,,,,,,,,,,,,,,,,,,,,,,,,,,,,,,,,,,,,,,,,,,,,,,,,,,,,,,,,,,,,,,,,,,,,,,,,,,,,,,,,,,,,,,,,,,,,,,,,,,,,,,,,,,,,,,,,,,,,,,,,,,,,,,,,,,,,,,,,,,,,,,,,,,,,,,,,,,,,,,,,,,
,,,,,,,,,,,,,,,,,,,,,,,,,,,,,,,,,,,,,,,,,,,,,,,,,,,,,,,,,,,,,,,,,,,,,,,,,,,,,,,,,,,,,,,,,,,,,,,,,,,,,,,,,,,,,,,,,,,,,,,,,,,,,,,,,,,,,,,,,,,,,,,,,,,,,,,,,,,,,,,,,,,,,,,,,,,,,,,,,,,,,,,,,,
,,,,,,,,,,,,,,,,,,,,,,,,,,,,,,,,,,,,,,,,,,,,,,,,,,,,,,,,,,,,,,,,,,,,,,,,,,,,,,,,,,,,,,,,,,,,,,,,,,,,,,,,,,,,,,,,,,,,,,,,,,,,,,,,,,,,,,,,,,,,,,,,,,,,,,,,,,,,,,,,,,,,,,,,,,,,,,,,,,,,,,,,,,
,,,,,,,,,,,,,,,,,,,,,,,,,,,,,,,,,,,,,,,,,,,,,,,,,,,,,,,,,,,,,,,,,,,,,,,,,,,,,,,,,,,,,,,,,,,,,,,,,,,,,,,,,,,,,,,,,,,,,,,,,,,,,,,,,,,,,,,,,,,,,,,,,,,,,,,,,,,,,,,,,,,,,,,,,,,,,,,,,,,,,,,,,,
,,,,,,,,,,,,,,,,,,,,,,,,,,,,,,,,,,,,,,,,,,,,,,,,,,,,,,,,,,,,,,,,,,,,,,,,,,,,,,,,,,,,,,,,,,,,,,,,,,,,,,,,,,,,,,,,,,,,,,,,,,,,,,,,,,,,,,,,,,,,,,,,,,,,,,,,,,,,,,,,,,,,,,,,,,,,,,,,,,,,,,,,,,
,,,,,,,,,,,,,,,,,,,,,,,,,,,,,,,,,,,,,,,,,,,,,,,,,,,,,,,,,,,,,,,,,,,,,,,,,,,,,,,,,,,,,,,,,,,,,,,,,,,,,,,,,,,,,,,,,,,,,,,,,,,,,,,,,,,,,,,,,,,,,,,,,,,,,,,,,,,,,,,,,,,,,,,,,,,,,,,,,,,,,,,,,,
,,,,,,,,,,,,,,,,,,,,,,,,,,,,,,,,,,,,,,,,,,,,,,,,,,,,,,,,,,,,,,,,,,,,,,,,,,,,,,,,,,,,,,,,,,,,,,,,,,,,,,,,,,,,,,,,,,,,,,,,,,,,,,,,,,,,,,,,,,,,,,,,,,,,,,,,,,,,,,,,,,,,,,,,,,,,,,,,,,,,,,,,,,
,,,,,,,,,,,,,,,,,,,,,,,,,,,,,,,,,,,,,,,,,,,,,,,,,,,,,,,,,,,,,,,,,,,,,,,,,,,,,,,,,,,,,,,,,,,,,,,,,,,,,,,,,,,,,,,,,,,,,,,,,,,,,,,,,,,,,,,,,,,,,,,,,,,,,,,,,,,,,,,,,,,,,,,,,,,,,,,,,,,,,,,,,,
,,,,,,,,,,,,,,,,,,,,,,,,,,,,,,,,,,,,,,,,,,,,,,,,,,,,,,,,,,,,,,,,,,,,,,,,,,,,,,,,,,,,,,,,,,,,,,,,,,,,,,,,,,,,,,,,,,,,,,,,,,,,,,,,,,,,,,,,,,,,,,,,,,,,,,,,,,,,,,,,,,,,,,,,,,,,,,,,,,,,,,,,,,
,,,,,,,,,,,,,,,,,,,,,,,,,,,,,,,,,,,,,,,,,,,,,,,,,,,,,,,,,,,,,,,,,,,,,,,,,,,,,,,,,,,,,,,,,,,,,,,,,,,,,,,,,,,,,,,,,,,,,,,,,,,,,,,,,,,,,,,,,,,,,,,,,,,,,,,,,,,,,,,,,,,,,,,,,,,,,,,,,,,,,,,,,,
,,,,,,,,,,,,,,,,,,,,,,,,,,,,,,,,,,,,,,,,,,,,,,,,,,,,,,,,,,,,,,,,,,,,,,,,,,,,,,,,,,,,,,,,,,,,,,,,,,,,,,,,,,,,,,,,,,,,,,,,,,,,,,,,,,,,,,,,,,,,,,,,,,,,,,,,,,,,,,,,,,,,,,,,,,,,,,,,,,,,,,,,,,
,,,,,,,,,,,,,,,,,,,,,,,,,,,,,,,,,,,,,,,,,,,,,,,,,,,,,,,,,,,,,,,,,,,,,,,,,,,,,,,,,,,,,,,,,,,,,,,,,,,,,,,,,,,,,,,,,,,,,,,,,,,,,,,,,,,,,,,,,,,,,,,,,,,,,,,,,,,,,,,,,,,,,,,,,,,,,,,,,,,,,,,,,,
,,,,,,,,,,,,,,,,,,,,,,,,,,,,,,,,,,,,,,,,,,,,,,,,,,,,,,,,,,,,,,,,,,,,,,,,,,,,,,,,,,,,,,,,,,,,,,,,,,,,,,,,,,,,,,,,,,,,,,,,,,,,,,,,,,,,,,,,,,,,,,,,,,,,,,,,,,,,,,,,,,,,,,,,,,,,,,,,,,,,,,,,,,
,,,,,,,,,,,,,,,,,,,,,,,,,,,,,,,,,,,,,,,,,,,,,,,,,,,,,,,,,,,,,,,,,,,,,,,,,,,,,,,,,,,,,,,,,,,,,,,,,,,,,,,,,,,,,,,,,,,,,,,,,,,,,,,,,,,,,,,,,,,,,,,,,,,,,,,,,,,,,,,,,,,,,,,,,,,,,,,,,,,,,,,,,,
,,,,,,,,,,,,,,,,,,,,,,,,,,,,,,,,,,,,,,,,,,,,,,,,,,,,,,,,,,,,,,,,,,,,,,,,,,,,,,,,,,,,,,,,,,,,,,,,,,,,,,,,,,,,,,,,,,,,,,,,,,,,,,,,,,,,,,,,,,,,,,,,,,,,,,,,,,,,,,,,,,,,,,,,,,,,,,,,,,,,,,,,,,
,,,,,,,,,,,,,,,,,,,,,,,,,,,,,,,,,,,,,,,,,,,,,,,,,,,,,,,,,,,,,,,,,,,,,,,,,,,,,,,,,,,,,,,,,,,,,,,,,,,,,,,,,,,,,,,,,,,,,,,,,,,,,,,,,,,,,,,,,,,,,,,,,,,,,,,,,,,,,,,,,,,,,,,,,,,,,,,,,,,,,,,,,,
,,,,,,,,,,,,,,,,,,,,,,,,,,,,,,,,,,,,,,,,,,,,,,,,,,,,,,,,,,,,,,,,,,,,,,,,,,,,,,,,,,,,,,,,,,,,,,,,,,,,,,,,,,,,,,,,,,,,,,,,,,,,,,,,,,,,,,,,,,,,,,,,,,,,,,,,,,,,,,,,,,,,,,,,,,,,,,,,,,,,,,,,,,
,,,,,,,,,,,,,,,,,,,,,,,,,,,,,,,,,,,,,,,,,,,,,,,,,,,,,,,,,,,,,,,,,,,,,,,,,,,,,,,,,,,,,,,,,,,,,,,,,,,,,,,,,,,,,,,,,,,,,,,,,,,,,,,,,,,,,,,,,,,,,,,,,,,,,,,,,,,,,,,,,,,,,,,,,,,,,,,,,,,,,,,,,,
,,,,,,,,,,,,,,,,,,,,,,,,,,,,,,,,,,,,,,,,,,,,,,,,,,,,,,,,,,,,,,,,,,,,,,,,,,,,,,,,,,,,,,,,,,,,,,,,,,,,,,,,,,,,,,,,,,,,,,,,,,,,,,,,,,,,,,,,,,,,,,,,,,,,,,,,,,,,,,,,,,,,,,,,,,,,,,,,,,,,,,,,,,
,,,,,,,,,,,,,,,,,,,,,,,,,,,,,,,,,,,,,,,,,,,,,,,,,,,,,,,,,,,,,,,,,,,,,,,,,,,,,,,,,,,,,,,,,,,,,,,,,,,,,,,,,,,,,,,,,,,,,,,,,,,,,,,,,,,,,,,,,,,,,,,,,,,,,,,,,,,,,,,,,,,,,,,,,,,,,,,,,,,,,,,,,,
,,,,,,,,,,,,,,,,,,,,,,,,,,,,,,,,,,,,,,,,,,,,,,,,,,,,,,,,,,,,,,,,,,,,,,,,,,,,,,,,,,,,,,,,,,,,,,,,,,,,,,,,,,,,,,,,,,,,,,,,,,,,,,,,,,,,,,,,,,,,,,,,,,,,,,,,,,,,,,,,,,,,,,,,,,,,,,,,,,,,,,,,,,
,,,,,,,,,,,,,,,,,,,,,,,,,,,,,,,,,,,,,,,,,,,,,,,,,,,,,,,,,,,,,,,,,,,,,,,,,,,,,,,,,,,,,,,,,,,,,,,,,,,,,,,,,,,,,,,,,,,,,,,,,,,,,,,,,,,,,,,,,,,,,,,,,,,,,,,,,,,,,,,,,,,,,,,,,,,,,,,,,,,,,,,,,,
,,,,,,,,,,,,,,,,,,,,,,,,,,,,,,,,,,,,,,,,,,,,,,,,,,,,,,,,,,,,,,,,,,,,,,,,,,,,,,,,,,,,,,,,,,,,,,,,,,,,,,,,,,,,,,,,,,,,,,,,,,,,,,,,,,,,,,,,,,,,,,,,,,,,,,,,,,,,,,,,,,,,,,,,,,,,,,,,,,,,,,,,,,
,,,,,,,,,,,,,,,,,,,,,,,,,,,,,,,,,,,,,,,,,,,,,,,,,,,,,,,,,,,,,,,,,,,,,,,,,,,,,,,,,,,,,,,,,,,,,,,,,,,,,,,,,,,,,,,,,,,,,,,,,,,,,,,,,,,,,,,,,,,,,,,,,,,,,,,,,,,,,,,,,,,,,,,,,,,,,,,,,,,,,,,,,,
,,,,,,,,,,,,,,,,,,,,,,,,,,,,,,,,,,,,,,,,,,,,,,,,,,,,,,,,,,,,,,,,,,,,,,,,,,,,,,,,,,,,,,,,,,,,,,,,,,,,,,,,,,,,,,,,,,,,,,,,,,,,,,,,,,,,,,,,,,,,,,,,,,,,,,,,,,,,,,,,,,,,,,,,,,,,,,,,,,,,,,,,,,
,,,,,,,,,,,,,,,,,,,,,,,,,,,,,,,,,,,,,,,,,,,,,,,,,,,,,,,,,,,,,,,,,,,,,,,,,,,,,,,,,,,,,,,,,,,,,,,,,,,,,,,,,,,,,,,,,,,,,,,,,,,,,,,,,,,,,,,,,,,,,,,,,,,,,,,,,,,,,,,,,,,,,,,,,,,,,,,,,,,,,,,,,,
,,,,,,,,,,,,,,,,,,,,,,,,,,,,,,,,,,,,,,,,,,,,,,,,,,,,,,,,,,,,,,,,,,,,,,,,,,,,,,,,,,,,,,,,,,,,,,,,,,,,,,,,,,,,,,,,,,,,,,,,,,,,,,,,,,,,,,,,,,,,,,,,,,,,,,,,,,,,,,,,,,,,,,,,,,,,,,,,,,,,,,,,,,
,,,,,,,,,,,,,,,,,,,,,,,,,,,,,,,,,,,,,,,,,,,,,,,,,,,,,,,,,,,,,,,,,,,,,,,,,,,,,,,,,,,,,,,,,,,,,,,,,,,,,,,,,,,,,,,,,,,,,,,,,,,,,,,,,,,,,,,,,,,,,,,,,,,,,,,,,,,,,,,,,,,,,,,,,,,,,,,,,,,,,,,,,,
,,,,,,,,,,,,,,,,,,,,,,,,,,,,,,,,,,,,,,,,,,,,,,,,,,,,,,,,,,,,,,,,,,,,,,,,,,,,,,,,,,,,,,,,,,,,,,,,,,,,,,,,,,,,,,,,,,,,,,,,,,,,,,,,,,,,,,,,,,,,,,,,,,,,,,,,,,,,,,,,,,,,,,,,,,,,,,,,,,,,,,,,,,
,,,,,,,,,,,,,,,,,,,,,,,,,,,,,,,,,,,,,,,,,,,,,,,,,,,,,,,,,,,,,,,,,,,,,,,,,,,,,,,,,,,,,,,,,,,,,,,,,,,,,,,,,,,,,,,,,,,,,,,,,,,,,,,,,,,,,,,,,,,,,,,,,,,,,,,,,,,,,,,,,,,,,,,,,,,,,,,,,,,,,,,,,,
,,,,,,,,,,,,,,,,,,,,,,,,,,,,,,,,,,,,,,,,,,,,,,,,,,,,,,,,,,,,,,,,,,,,,,,,,,,,,,,,,,,,,,,,,,,,,,,,,,,,,,,,,,,,,,,,,,,,,,,,,,,,,,,,,,,,,,,,,,,,,,,,,,,,,,,,,,,,,,,,,,,,,,,,,,,,,,,,,,,,,,,,,,
,,,,,,,,,,,,,,,,,,,,,,,,,,,,,,,,,,,,,,,,,,,,,,,,,,,,,,,,,,,,,,,,,,,,,,,,,,,,,,,,,,,,,,,,,,,,,,,,,,,,,,,,,,,,,,,,,,,,,,,,,,,,,,,,,,,,,,,,,,,,,,,,,,,,,,,,,,,,,,,,,,,,,,,,,,,,,,,,,,,,,,,,,,
,,,,,,,,,,,,,,,,,,,,,,,,,,,,,,,,,,,,,,,,,,,,,,,,,,,,,,,,,,,,,,,,,,,,,,,,,,,,,,,,,,,,,,,,,,,,,,,,,,,,,,,,,,,,,,,,,,,,,,,,,,,,,,,,,,,,,,,,,,,,,,,,,,,,,,,,,,,,,,,,,,,,,,,,,,,,,,,,,,,,,,,,,,
,,,,,,,,,,,,,,,,,,,,,,,,,,,,,,,,,,,,,,,,,,,,,,,,,,,,,,,,,,,,,,,,,,,,,,,,,,,,,,,,,,,,,,,,,,,,,,,,,,,,,,,,,,,,,,,,,,,,,,,,,,,,,,,,,,,,,,,,,,,,,,,,,,,,,,,,,,,,,,,,,,,,,,,,,,,,,,,,,,,,,,,,,,
,,,,,,,,,,,,,,,,,,,,,,,,,,,,,,,,,,,,,,,,,,,,,,,,,,,,,,,,,,,,,,,,,,,,,,,,,,,,,,,,,,,,,,,,,,,,,,,,,,,,,,,,,,,,,,,,,,,,,,,,,,,,,,,,,,,,,,,,,,,,,,,,,,,,,,,,,,,,,,,,,,,,,,,,,,,,,,,,,,,,,,,,,,
,,,,,,,,,,,,,,,,,,,,,,,,,,,,,,,,,,,,,,,,,,,,,,,,,,,,,,,,,,,,,,,,,,,,,,,,,,,,,,,,,,,,,,,,,,,,,,,,,,,,,,,,,,,,,,,,,,,,,,,,,,,,,,,,,,,,,,,,,,,,,,,,,,,,,,,,,,,,,,,,,,,,,,,,,,,,,,,,,,,,,,,,,,
,,,,,,,,,,,,,,,,,,,,,,,,,,,,,,,,,,,,,,,,,,,,,,,,,,,,,,,,,,,,,,,,,,,,,,,,,,,,,,,,,,,,,,,,,,,,,,,,,,,,,,,,,,,,,,,,,,,,,,,,,,,,,,,,,,,,,,,,,,,,,,,,,,,,,,,,,,,,,,,,,,,,,,,,,,,,,,,,,,,,,,,,,,
,,,,,,,,,,,,,,,,,,,,,,,,,,,,,,,,,,,,,,,,,,,,,,,,,,,,,,,,,,,,,,,,,,,,,,,,,,,,,,,,,,,,,,,,,,,,,,,,,,,,,,,,,,,,,,,,,,,,,,,,,,,,,,,,,,,,,,,,,,,,,,,,,,,,,,,,,,,,,,,,,,,,,,,,,,,,,,,,,,,,,,,,,,
,,,,,,,,,,,,,,,,,,,,,,,,,,,,,,,,,,,,,,,,,,,,,,,,,,,,,,,,,,,,,,,,,,,,,,,,,,,,,,,,,,,,,,,,,,,,,,,,,,,,,,,,,,,,,,,,,,,,,,,,,,,,,,,,,,,,,,,,,,,,,,,,,,,,,,,,,,,,,,,,,,,,,,,,,,,,,,,,,,,,,,,,,,
,,,,,,,,,,,,,,,,,,,,,,,,,,,,,,,,,,,,,,,,,,,,,,,,,,,,,,,,,,,,,,,,,,,,,,,,,,,,,,,,,,,,,,,,,,,,,,,,,,,,,,,,,,,,,,,,,,,,,,,,,,,,,,,,,,,,,,,,,,,,,,,,,,,,,,,,,,,,,,,,,,,,,,,,,,,,,,,,,,,,,,,,,,
,,,,,,,,,,,,,,,,,,,,,,,,,,,,,,,,,,,,,,,,,,,,,,,,,,,,,,,,,,,,,,,,,,,,,,,,,,,,,,,,,,,,,,,,,,,,,,,,,,,,,,,,,,,,,,,,,,,,,,,,,,,,,,,,,,,,,,,,,,,,,,,,,,,,,,,,,,,,,,,,,,,,,,,,,,,,,,,,,,,,,,,,,,
,,,,,,,,,,,,,,,,,,,,,,,,,,,,,,,,,,,,,,,,,,,,,,,,,,,,,,,,,,,,,,,,,,,,,,,,,,,,,,,,,,,,,,,,,,,,,,,,,,,,,,,,,,,,,,,,,,,,,,,,,,,,,,,,,,,,,,,,,,,,,,,,,,,,,,,,,,,,,,,,,,,,,,,,,,,,,,,,,,,,,,,,,,
,,,,,,,,,,,,,,,,,,,,,,,,,,,,,,,,,,,,,,,,,,,,,,,,,,,,,,,,,,,,,,,,,,,,,,,,,,,,,,,,,,,,,,,,,,,,,,,,,,,,,,,,,,,,,,,,,,,,,,,,,,,,,,,,,,,,,,,,,,,,,,,,,,,,,,,,,,,,,,,,,,,,,,,,,,,,,,,,,,,,,,,,,,
,,,,,,,,,,,,,,,,,,,,,,,,,,,,,,,,,,,,,,,,,,,,,,,,,,,,,,,,,,,,,,,,,,,,,,,,,,,,,,,,,,,,,,,,,,,,,,,,,,,,,,,,,,,,,,,,,,,,,,,,,,,,,,,,,,,,,,,,,,,,,,,,,,,,,,,,,,,,,,,,,,,,,,,,,,,,,,,,,,,,,,,,,,
,,,,,,,,,,,,,,,,,,,,,,,,,,,,,,,,,,,,,,,,,,,,,,,,,,,,,,,,,,,,,,,,,,,,,,,,,,,,,,,,,,,,,,,,,,,,,,,,,,,,,,,,,,,,,,,,,,,,,,,,,,,,,,,,,,,,,,,,,,,,,,,,,,,,,,,,,,,,,,,,,,,,,,,,,,,,,,,,,,,,,,,,,,
,,,,,,,,,,,,,,,,,,,,,,,,,,,,,,,,,,,,,,,,,,,,,,,,,,,,,,,,,,,,,,,,,,,,,,,,,,,,,,,,,,,,,,,,,,,,,,,,,,,,,,,,,,,,,,,,,,,,,,,,,,,,,,,,,,,,,,,,,,,,,,,,,,,,,,,,,,,,,,,,,,,,,,,,,,,,,,,,,,,,,,,,,,
,,,,,,,,,,,,,,,,,,,,,,,,,,,,,,,,,,,,,,,,,,,,,,,,,,,,,,,,,,,,,,,,,,,,,,,,,,,,,,,,,,,,,,,,,,,,,,,,,,,,,,,,,,,,,,,,,,,,,,,,,,,,,,,,,,,,,,,,,,,,,,,,,,,,,,,,,,,,,,,,,,,,,,,,,,,,,,,,,,,,,,,,,,
,,,,,,,,,,,,,,,,,,,,,,,,,,,,,,,,,,,,,,,,,,,,,,,,,,,,,,,,,,,,,,,,,,,,,,,,,,,,,,,,,,,,,,,,,,,,,,,,,,,,,,,,,,,,,,,,,,,,,,,,,,,,,,,,,,,,,,,,,,,,,,,,,,,,,,,,,,,,,,,,,,,,,,,,,,,,,,,,,,,,,,,,,,
,,,,,,,,,,,,,,,,,,,,,,,,,,,,,,,,,,,,,,,,,,,,,,,,,,,,,,,,,,,,,,,,,,,,,,,,,,,,,,,,,,,,,,,,,,,,,,,,,,,,,,,,,,,,,,,,,,,,,,,,,,,,,,,,,,,,,,,,,,,,,,,,,,,,,,,,,,,,,,,,,,,,,,,,,,,,,,,,,,,,,,,,,,
,,,,,,,,,,,,,,,,,,,,,,,,,,,,,,,,,,,,,,,,,,,,,,,,,,,,,,,,,,,,,,,,,,,,,,,,,,,,,,,,,,,,,,,,,,,,,,,,,,,,,,,,,,,,,,,,,,,,,,,,,,,,,,,,,,,,,,,,,,,,,,,,,,,,,,,,,,,,,,,,,,,,,,,,,,,,,,,,,,,,,,,,,,
,,,,,,,,,,,,,,,,,,,,,,,,,,,,,,,,,,,,,,,,,,,,,,,,,,,,,,,,,,,,,,,,,,,,,,,,,,,,,,,,,,,,,,,,,,,,,,,,,,,,,,,,,,,,,,,,,,,,,,,,,,,,,,,,,,,,,,,,,,,,,,,,,,,,,,,,,,,,,,,,,,,,,,,,,,,,,,,,,,,,,,,,,,
,,,,,,,,,,,,,,,,,,,,,,,,,,,,,,,,,,,,,,,,,,,,,,,,,,,,,,,,,,,,,,,,,,,,,,,,,,,,,,,,,,,,,,,,,,,,,,,,,,,,,,,,,,,,,,,,,,,,,,,,,,,,,,,,,,,,,,,,,,,,,,,,,,,,,,,,,,,,,,,,,,,,,,,,,,,,,,,,,,,,,,,,,,
,,,,,,,,,,,,,,,,,,,,,,,,,,,,,,,,,,,,,,,,,,,,,,,,,,,,,,,,,,,,,,,,,,,,,,,,,,,,,,,,,,,,,,,,,,,,,,,,,,,,,,,,,,,,,,,,,,,,,,,,,,,,,,,,,,,,,,,,,,,,,,,,,,,,,,,,,,,,,,,,,,,,,,,,,,,,,,,,,,,,,,,,,,
,,,,,,,,,,,,,,,,,,,,,,,,,,,,,,,,,,,,,,,,,,,,,,,,,,,,,,,,,,,,,,,,,,,,,,,,,,,,,,,,,,,,,,,,,,,,,,,,,,,,,,,,,,,,,,,,,,,,,,,,,,,,,,,,,,,,,,,,,,,,,,,,,,,,,,,,,,,,,,,,,,,,,,,,,,,,,,,,,,,,,,,,,,
,,,,,,,,,,,,,,,,,,,,,,,,,,,,,,,,,,,,,,,,,,,,,,,,,,,,,,,,,,,,,,,,,,,,,,,,,,,,,,,,,,,,,,,,,,,,,,,,,,,,,,,,,,,,,,,,,,,,,,,,,,,,,,,,,,,,,,,,,,,,,,,,,,,,,,,,,,,,,,,,,,,,,,,,,,,,,,,,,,,,,,,,,,
,,,,,,,,,,,,,,,,,,,,,,,,,,,,,,,,,,,,,,,,,,,,,,,,,,,,,,,,,,,,,,,,,,,,,,,,,,,,,,,,,,,,,,,,,,,,,,,,,,,,,,,,,,,,,,,,,,,,,,,,,,,,,,,,,,,,,,,,,,,,,,,,,,,,,,,,,,,,,,,,,,,,,,,,,,,,,,,,,,,,,,,,,,
,,,,,,,,,,,,,,,,,,,,,,,,,,,,,,,,,,,,,,,,,,,,,,,,,,,,,,,,,,,,,,,,,,,,,,,,,,,,,,,,,,,,,,,,,,,,,,,,,,,,,,,,,,,,,,,,,,,,,,,,,,,,,,,,,,,,,,,,,,,,,,,,,,,,,,,,,,,,,,,,,,,,,,,,,,,,,,,,,,,,,,,,,,
,,,,,,,,,,,,,,,,,,,,,,,,,,,,,,,,,,,,,,,,,,,,,,,,,,,,,,,,,,,,,,,,,,,,,,,,,,,,,,,,,,,,,,,,,,,,,,,,,,,,,,,,,,,,,,,,,,,,,,,,,,,,,,,,,,,,,,,,,,,,,,,,,,,,,,,,,,,,,,,,,,,,,,,,,,,,,,,,,,,,,,,,,,
,,,,,,,,,,,,,,,,,,,,,,,,,,,,,,,,,,,,,,,,,,,,,,,,,,,,,,,,,,,,,,,,,,,,,,,,,,,,,,,,,,,,,,,,,,,,,,,,,,,,,,,,,,,,,,,,,,,,,,,,,,,,,,,,,,,,,,,,,,,,,,,,,,,,,,,,,,,,,,,,,,,,,,,,,,,,,,,,,,,,,,,,,,
,,,,,,,,,,,,,,,,,,,,,,,,,,,,,,,,,,,,,,,,,,,,,,,,,,,,,,,,,,,,,,,,,,,,,,,,,,,,,,,,,,,,,,,,,,,,,,,,,,,,,,,,,,,,,,,,,,,,,,,,,,,,,,,,,,,,,,,,,,,,,,,,,,,,,,,,,,,,,,,,,,,,,,,,,,,,,,,,,,,,,,,,,,
,,,,,,,,,,,,,,,,,,,,,,,,,,,,,,,,,,,,,,,,,,,,,,,,,,,,,,,,,,,,,,,,,,,,,,,,,,,,,,,,,,,,,,,,,,,,,,,,,,,,,,,,,,,,,,,,,,,,,,,,,,,,,,,,,,,,,,,,,,,,,,,,,,,,,,,,,,,,,,,,,,,,,,,,,,,,,,,,,,,,,,,,,,
,,,,,,,,,,,,,,,,,,,,,,,,,,,,,,,,,,,,,,,,,,,,,,,,,,,,,,,,,,,,,,,,,,,,,,,,,,,,,,,,,,,,,,,,,,,,,,,,,,,,,,,,,,,,,,,,,,,,,,,,,,,,,,,,,,,,,,,,,,,,,,,,,,,,,,,,,,,,,,,,,,,,,,,,,,,,,,,,,,,,,,,,,,
,,,,,,,,,,,,,,,,,,,,,,,,,,,,,,,,,,,,,,,,,,,,,,,,,,,,,,,,,,,,,,,,,,,,,,,,,,,,,,,,,,,,,,,,,,,,,,,,,,,,,,,,,,,,,,,,,,,,,,,,,,,,,,,,,,,,,,,,,,,,,,,,,,,,,,,,,,,,,,,,,,,,,,,,,,,,,,,,,,,,,,,,,,
,,,,,,,,,,,,,,,,,,,,,,,,,,,,,,,,,,,,,,,,,,,,,,,,,,,,,,,,,,,,,,,,,,,,,,,,,,,,,,,,,,,,,,,,,,,,,,,,,,,,,,,,,,,,,,,,,,,,,,,,,,,,,,,,,,,,,,,,,,,,,,,,,,,,,,,,,,,,,,,,,,,,,,,,,,,,,,,,,,,,,,,,,,
,,,,,,,,,,,,,,,,,,,,,,,,,,,,,,,,,,,,,,,,,,,,,,,,,,,,,,,,,,,,,,,,,,,,,,,,,,,,,,,,,,,,,,,,,,,,,,,,,,,,,,,,,,,,,,,,,,,,,,,,,,,,,,,,,,,,,,,,,,,,,,,,,,,,,,,,,,,,,,,,,,,,,,,,,,,,,,,,,,,,,,,,,,
,,,,,,,,,,,,,,,,,,,,,,,,,,,,,,,,,,,,,,,,,,,,,,,,,,,,,,,,,,,,,,,,,,,,,,,,,,,,,,,,,,,,,,,,,,,,,,,,,,,,,,,,,,,,,,,,,,,,,,,,,,,,,,,,,,,,,,,,,,,,,,,,,,,,,,,,,,,,,,,,,,,,,,,,,,,,,,,,,,,,,,,,,,
,,,,,,,,,,,,,,,,,,,,,,,,,,,,,,,,,,,,,,,,,,,,,,,,,,,,,,,,,,,,,,,,,,,,,,,,,,,,,,,,,,,,,,,,,,,,,,,,,,,,,,,,,,,,,,,,,,,,,,,,,,,,,,,,,,,,,,,,,,,,,,,,,,,,,,,,,,,,,,,,,,,,,,,,,,,,,,,,,,,,,,,,,,
,,,,,,,,,,,,,,,,,,,,,,,,,,,,,,,,,,,,,,,,,,,,,,,,,,,,,,,,,,,,,,,,,,,,,,,,,,,,,,,,,,,,,,,,,,,,,,,,,,,,,,,,,,,,,,,,,,,,,,,,,,,,,,,,,,,,,,,,,,,,,,,,,,,,,,,,,,,,,,,,,,,,,,,,,,,,,,,,,,,,,,,,,,
,,,,,,,,,,,,,,,,,,,,,,,,,,,,,,,,,,,,,,,,,,,,,,,,,,,,,,,,,,,,,,,,,,,,,,,,,,,,,,,,,,,,,,,,,,,,,,,,,,,,,,,,,,,,,,,,,,,,,,,,,,,,,,,,,,,,,,,,,,,,,,,,,,,,,,,,,,,,,,,,,,,,,,,,,,,,,,,,,,,,,,,,,,
,,,,,,,,,,,,,,,,,,,,,,,,,,,,,,,,,,,,,,,,,,,,,,,,,,,,,,,,,,,,,,,,,,,,,,,,,,,,,,,,,,,,,,,,,,,,,,,,,,,,,,,,,,,,,,,,,,,,,,,,,,,,,,,,,,,,,,,,,,,,,,,,,,,,,,,,,,,,,,,,,,,,,,,,,,,,,,,,,,,,,,,,,,
,,,,,,,,,,,,,,,,,,,,,,,,,,,,,,,,,,,,,,,,,,,,,,,,,,,,,,,,,,,,,,,,,,,,,,,,,,,,,,,,,,,,,,,,,,,,,,,,,,,,,,,,,,,,,,,,,,,,,,,,,,,,,,,,,,,,,,,,,,,,,,,,,,,,,,,,,,,,,,,,,,,,,,,,,,,,,,,,,,,,,,,,,,
,,,,,,,,,,,,,,,,,,,,,,,,,,,,,,,,,,,,,,,,,,,,,,,,,,,,,,,,,,,,,,,,,,,,,,,,,,,,,,,,,,,,,,,,,,,,,,,,,,,,,,,,,,,,,,,,,,,,,,,,,,,,,,,,,,,,,,,,,,,,,,,,,,,,,,,,,,,,,,,,,,,,,,,,,,,,,,,,,,,,,,,,,,
,,,,,,,,,,,,,,,,,,,,,,,,,,,,,,,,,,,,,,,,,,,,,,,,,,,,,,,,,,,,,,,,,,,,,,,,,,,,,,,,,,,,,,,,,,,,,,,,,,,,,,,,,,,,,,,,,,,,,,,,,,,,,,,,,,,,,,,,,,,,,,,,,,,,,,,,,,,,,,,,,,,,,,,,,,,,,,,,,,,,,,,,,,
,,,,,,,,,,,,,,,,,,,,,,,,,,,,,,,,,,,,,,,,,,,,,,,,,,,,,,,,,,,,,,,,,,,,,,,,,,,,,,,,,,,,,,,,,,,,,,,,,,,,,,,,,,,,,,,,,,,,,,,,,,,,,,,,,,,,,,,,,,,,,,,,,,,,,,,,,,,,,,,,,,,,,,,,,,,,,,,,,,,,,,,,,,
,,,,,,,,,,,,,,,,,,,,,,,,,,,,,,,,,,,,,,,,,,,,,,,,,,,,,,,,,,,,,,,,,,,,,,,,,,,,,,,,,,,,,,,,,,,,,,,,,,,,,,,,,,,,,,,,,,,,,,,,,,,,,,,,,,,,,,,,,,,,,,,,,,,,,,,,,,,,,,,,,,,,,,,,,,,,,,,,,,,,,,,,,,
,,,,,,,,,,,,,,,,,,,,,,,,,,,,,,,,,,,,,,,,,,,,,,,,,,,,,,,,,,,,,,,,,,,,,,,,,,,,,,,,,,,,,,,,,,,,,,,,,,,,,,,,,,,,,,,,,,,,,,,,,,,,,,,,,,,,,,,,,,,,,,,,,,,,,,,,,,,,,,,,,,,,,,,,,,,,,,,,,,,,,,,,,,
,,,,,,,,,,,,,,,,,,,,,,,,,,,,,,,,,,,,,,,,,,,,,,,,,,,,,,,,,,,,,,,,,,,,,,,,,,,,,,,,,,,,,,,,,,,,,,,,,,,,,,,,,,,,,,,,,,,,,,,,,,,,,,,,,,,,,,,,,,,,,,,,,,,,,,,,,,,,,,,,,,,,,,,,,,,,,,,,,,,,,,,,,,
,,,,,,,,,,,,,,,,,,,,,,,,,,,,,,,,,,,,,,,,,,,,,,,,,,,,,,,,,,,,,,,,,,,,,,,,,,,,,,,,,,,,,,,,,,,,,,,,,,,,,,,,,,,,,,,,,,,,,,,,,,,,,,,,,,,,,,,,,,,,,,,,,,,,,,,,,,,,,,,,,,,,,,,,,,,,,,,,,,,,,,,,,,
,,,,,,,,,,,,,,,,,,,,,,,,,,,,,,,,,,,,,,,,,,,,,,,,,,,,,,,,,,,,,,,,,,,,,,,,,,,,,,,,,,,,,,,,,,,,,,,,,,,,,,,,,,,,,,,,,,,,,,,,,,,,,,,,,,,,,,,,,,,,,,,,,,,,,,,,,,,,,,,,,,,,,,,,,,,,,,,,,,,,,,,,,,
,,,,,,,,,,,,,,,,,,,,,,,,,,,,,,,,,,,,,,,,,,,,,,,,,,,,,,,,,,,,,,,,,,,,,,,,,,,,,,,,,,,,,,,,,,,,,,,,,,,,,,,,,,,,,,,,,,,,,,,,,,,,,,,,,,,,,,,,,,,,,,,,,,,,,,,,,,,,,,,,,,,,,,,,,,,,,,,,,,,,,,,,,,
,,,,,,,,,,,,,,,,,,,,,,,,,,,,,,,,,,,,,,,,,,,,,,,,,,,,,,,,,,,,,,,,,,,,,,,,,,,,,,,,,,,,,,,,,,,,,,,,,,,,,,,,,,,,,,,,,,,,,,,,,,,,,,,,,,,,,,,,,,,,,,,,,,,,,,,,,,,,,,,,,,,,,,,,,,,,,,,,,,,,,,,,,,
,,,,,,,,,,,,,,,,,,,,,,,,,,,,,,,,,,,,,,,,,,,,,,,,,,,,,,,,,,,,,,,,,,,,,,,,,,,,,,,,,,,,,,,,,,,,,,,,,,,,,,,,,,,,,,,,,,,,,,,,,,,,,,,,,,,,,,,,,,,,,,,,,,,,,,,,,,,,,,,,,,,,,,,,,,,,,,,,,,,,,,,,,,
,,,,,,,,,,,,,,,,,,,,,,,,,,,,,,,,,,,,,,,,,,,,,,,,,,,,,,,,,,,,,,,,,,,,,,,,,,,,,,,,,,,,,,,,,,,,,,,,,,,,,,,,,,,,,,,,,,,,,,,,,,,,,,,,,,,,,,,,,,,,,,,,,,,,,,,,,,,,,,,,,,,,,,,,,,,,,,,,,,,,,,,,,,
,,,,,,,,,,,,,,,,,,,,,,,,,,,,,,,,,,,,,,,,,,,,,,,,,,,,,,,,,,,,,,,,,,,,,,,,,,,,,,,,,,,,,,,,,,,,,,,,,,,,,,,,,,,,,,,,,,,,,,,,,,,,,,,,,,,,,,,,,,,,,,,,,,,,,,,,,,,,,,,,,,,,,,,,,,,,,,,,,,,,,,,,,,
,,,,,,,,,,,,,,,,,,,,,,,,,,,,,,,,,,,,,,,,,,,,,,,,,,,,,,,,,,,,,,,,,,,,,,,,,,,,,,,,,,,,,,,,,,,,,,,,,,,,,,,,,,,,,,,,,,,,,,,,,,,,,,,,,,,,,,,,,,,,,,,,,,,,,,,,,,,,,,,,,,,,,,,,,,,,,,,,,,,,,,,,,,
,,,,,,,,,,,,,,,,,,,,,,,,,,,,,,,,,,,,,,,,,,,,,,,,,,,,,,,,,,,,,,,,,,,,,,,,,,,,,,,,,,,,,,,,,,,,,,,,,,,,,,,,,,,,,,,,,,,,,,,,,,,,,,,,,,,,,,,,,,,,,,,,,,,,,,,,,,,,,,,,,,,,,,,,,,,,,,,,,,,,,,,,,,
,,,,,,,,,,,,,,,,,,,,,,,,,,,,,,,,,,,,,,,,,,,,,,,,,,,,,,,,,,,,,,,,,,,,,,,,,,,,,,,,,,,,,,,,,,,,,,,,,,,,,,,,,,,,,,,,,,,,,,,,,,,,,,,,,,,,,,,,,,,,,,,,,,,,,,,,,,,,,,,,,,,,,,,,,,,,,,,,,,,,,,,,,,
,,,,,,,,,,,,,,,,,,,,,,,,,,,,,,,,,,,,,,,,,,,,,,,,,,,,,,,,,,,,,,,,,,,,,,,,,,,,,,,,,,,,,,,,,,,,,,,,,,,,,,,,,,,,,,,,,,,,,,,,,,,,,,,,,,,,,,,,,,,,,,,,,,,,,,,,,,,,,,,,,,,,,,,,,,,,,,,,,,,,,,,,,,
,,,,,,,,,,,,,,,,,,,,,,,,,,,,,,,,,,,,,,,,,,,,,,,,,,,,,,,,,,,,,,,,,,,,,,,,,,,,,,,,,,,,,,,,,,,,,,,,,,,,,,,,,,,,,,,,,,,,,,,,,,,,,,,,,,,,,,,,,,,,,,,,,,,,,,,,,,,,,,,,,,,,,,,,,,,,,,,,,,,,,,,,,,
,,,,,,,,,,,,,,,,,,,,,,,,,,,,,,,,,,,,,,,,,,,,,,,,,,,,,,,,,,,,,,,,,,,,,,,,,,,,,,,,,,,,,,,,,,,,,,,,,,,,,,,,,,,,,,,,,,,,,,,,,,,,,,,,,,,,,,,,,,,,,,,,,,,,,,,,,,,,,,,,,,,,,,,,,,,,,,,,,,,,,,,,,,
,,,,,,,,,,,,,,,,,,,,,,,,,,,,,,,,,,,,,,,,,,,,,,,,,,,,,,,,,,,,,,,,,,,,,,,,,,,,,,,,,,,,,,,,,,,,,,,,,,,,,,,,,,,,,,,,,,,,,,,,,,,,,,,,,,,,,,,,,,,,,,,,,,,,,,,,,,,,,,,,,,,,,,,,,,,,,,,,,,,,,,,,,,
,,,,,,,,,,,,,,,,,,,,,,,,,,,,,,,,,,,,,,,,,,,,,,,,,,,,,,,,,,,,,,,,,,,,,,,,,,,,,,,,,,,,,,,,,,,,,,,,,,,,,,,,,,,,,,,,,,,,,,,,,,,,,,,,,,,,,,,,,,,,,,,,,,,,,,,,,,,,,,,,,,,,,,,,,,,,,,,,,,,,,,,,,,
,,,,,,,,,,,,,,,,,,,,,,,,,,,,,,,,,,,,,,,,,,,,,,,,,,,,,,,,,,,,,,,,,,,,,,,,,,,,,,,,,,,,,,,,,,,,,,,,,,,,,,,,,,,,,,,,,,,,,,,,,,,,,,,,,,,,,,,,,,,,,,,,,,,,,,,,,,,,,,,,,,,,,,,,,,,,,,,,,,,,,,,,,,
,,,,,,,,,,,,,,,,,,,,,,,,,,,,,,,,,,,,,,,,,,,,,,,,,,,,,,,,,,,,,,,,,,,,,,,,,,,,,,,,,,,,,,,,,,,,,,,,,,,,,,,,,,,,,,,,,,,,,,,,,,,,,,,,,,,,,,,,,,,,,,,,,,,,,,,,,,,,,,,,,,,,,,,,,,,,,,,,,,,,,,,,,,
,,,,,,,,,,,,,,,,,,,,,,,,,,,,,,,,,,,,,,,,,,,,,,,,,,,,,,,,,,,,,,,,,,,,,,,,,,,,,,,,,,,,,,,,,,,,,,,,,,,,,,,,,,,,,,,,,,,,,,,,,,,,,,,,,,,,,,,,,,,,,,,,,,,,,,,,,,,,,,,,,,,,,,,,,,,,,,,,,,,,,,,,,,
,,,,,,,,,,,,,,,,,,,,,,,,,,,,,,,,,,,,,,,,,,,,,,,,,,,,,,,,,,,,,,,,,,,,,,,,,,,,,,,,,,,,,,,,,,,,,,,,,,,,,,,,,,,,,,,,,,,,,,,,,,,,,,,,,,,,,,,,,,,,,,,,,,,,,,,,,,,,,,,,,,,,,,,,,,,,,,,,,,,,,,,,,,
,,,,,,,,,,,,,,,,,,,,,,,,,,,,,,,,,,,,,,,,,,,,,,,,,,,,,,,,,,,,,,,,,,,,,,,,,,,,,,,,,,,,,,,,,,,,,,,,,,,,,,,,,,,,,,,,,,,,,,,,,,,,,,,,,,,,,,,,,,,,,,,,,,,,,,,,,,,,,,,,,,,,,,,,,,,,,,,,,,,,,,,,,,
,,,,,,,,,,,,,,,,,,,,,,,,,,,,,,,,,,,,,,,,,,,,,,,,,,,,,,,,,,,,,,,,,,,,,,,,,,,,,,,,,,,,,,,,,,,,,,,,,,,,,,,,,,,,,,,,,,,,,,,,,,,,,,,,,,,,,,,,,,,,,,,,,,,,,,,,,,,,,,,,,,,,,,,,,,,,,,,,,,,,,,,,,,
,,,,,,,,,,,,,,,,,,,,,,,,,,,,,,,,,,,,,,,,,,,,,,,,,,,,,,,,,,,,,,,,,,,,,,,,,,,,,,,,,,,,,,,,,,,,,,,,,,,,,,,,,,,,,,,,,,,,,,,,,,,,,,,,,,,,,,,,,,,,,,,,,,,,,,,,,,,,,,,,,,,,,,,,,,,,,,,,,,,,,,,,,,
,,,,,,,,,,,,,,,,,,,,,,,,,,,,,,,,,,,,,,,,,,,,,,,,,,,,,,,,,,,,,,,,,,,,,,,,,,,,,,,,,,,,,,,,,,,,,,,,,,,,,,,,,,,,,,,,,,,,,,,,,,,,,,,,,,,,,,,,,,,,,,,,,,,,,,,,,,,,,,,,,,,,,,,,,,,,,,,,,,,,,,,,,,
,,,,,,,,,,,,,,,,,,,,,,,,,,,,,,,,,,,,,,,,,,,,,,,,,,,,,,,,,,,,,,,,,,,,,,,,,,,,,,,,,,,,,,,,,,,,,,,,,,,,,,,,,,,,,,,,,,,,,,,,,,,,,,,,,,,,,,,,,,,,,,,,,,,,,,,,,,,,,,,,,,,,,,,,,,,,,,,,,,,,,,,,,,
,,,,,,,,,,,,,,,,,,,,,,,,,,,,,,,,,,,,,,,,,,,,,,,,,,,,,,,,,,,,,,,,,,,,,,,,,,,,,,,,,,,,,,,,,,,,,,,,,,,,,,,,,,,,,,,,,,,,,,,,,,,,,,,,,,,,,,,,,,,,,,,,,,,,,,,,,,,,,,,,,,,,,,,,,,,,,,,,,,,,,,,,,,
,,,,,,,,,,,,,,,,,,,,,,,,,,,,,,,,,,,,,,,,,,,,,,,,,,,,,,,,,,,,,,,,,,,,,,,,,,,,,,,,,,,,,,,,,,,,,,,,,,,,,,,,,,,,,,,,,,,,,,,,,,,,,,,,,,,,,,,,,,,,,,,,,,,,,,,,,,,,,,,,,,,,,,,,,,,,,,,,,,,,,,,,,,
,,,,,,,,,,,,,,,,,,,,,,,,,,,,,,,,,,,,,,,,,,,,,,,,,,,,,,,,,,,,,,,,,,,,,,,,,,,,,,,,,,,,,,,,,,,,,,,,,,,,,,,,,,,,,,,,,,,,,,,,,,,,,,,,,,,,,,,,,,,,,,,,,,,,,,,,,,,,,,,,,,,,,,,,,,,,,,,,,,,,,,,,,,
,,,,,,,,,,,,,,,,,,,,,,,,,,,,,,,,,,,,,,,,,,,,,,,,,,,,,,,,,,,,,,,,,,,,,,,,,,,,,,,,,,,,,,,,,,,,,,,,,,,,,,,,,,,,,,,,,,,,,,,,,,,,,,,,,,,,,,,,,,,,,,,,,,,,,,,,,,,,,,,,,,,,,,,,,,,,,,,,,,,,,,,,,,
,,,,,,,,,,,,,,,,,,,,,,,,,,,,,,,,,,,,,,,,,,,,,,,,,,,,,,,,,,,,,,,,,,,,,,,,,,,,,,,,,,,,,,,,,,,,,,,,,,,,,,,,,,,,,,,,,,,,,,,,,,,,,,,,,,,,,,,,,,,,,,,,,,,,,,,,,,,,,,,,,,,,,,,,,,,,,,,,,,,,,,,,,,
,,,,,,,,,,,,,,,,,,,,,,,,,,,,,,,,,,,,,,,,,,,,,,,,,,,,,,,,,,,,,,,,,,,,,,,,,,,,,,,,,,,,,,,,,,,,,,,,,,,,,,,,,,,,,,,,,,,,,,,,,,,,,,,,,,,,,,,,,,,,,,,,,,,,,,,,,,,,,,,,,,,,,,,,,,,,,,,,,,,,,,,,,,
,,,,,,,,,,,,,,,,,,,,,,,,,,,,,,,,,,,,,,,,,,,,,,,,,,,,,,,,,,,,,,,,,,,,,,,,,,,,,,,,,,,,,,,,,,,,,,,,,,,,,,,,,,,,,,,,,,,,,,,,,,,,,,,,,,,,,,,,,,,,,,,,,,,,,,,,,,,,,,,,,,,,,,,,,,,,,,,,,,,,,,,,,,
,,,,,,,,,,,,,,,,,,,,,,,,,,,,,,,,,,,,,,,,,,,,,,,,,,,,,,,,,,,,,,,,,,,,,,,,,,,,,,,,,,,,,,,,,,,,,,,,,,,,,,,,,,,,,,,,,,,,,,,,,,,,,,,,,,,,,,,,,,,,,,,,,,,,,,,,,,,,,,,,,,,,,,,,,,,,,,,,,,,,,,,,,,
,,,,,,,,,,,,,,,,,,,,,,,,,,,,,,,,,,,,,,,,,,,,,,,,,,,,,,,,,,,,,,,,,,,,,,,,,,,,,,,,,,,,,,,,,,,,,,,,,,,,,,,,,,,,,,,,,,,,,,,,,,,,,,,,,,,,,,,,,,,,,,,,,,,,,,,,,,,,,,,,,,,,,,,,,,,,,,,,,,,,,,,,,,
,,,,,,,,,,,,,,,,,,,,,,,,,,,,,,,,,,,,,,,,,,,,,,,,,,,,,,,,,,,,,,,,,,,,,,,,,,,,,,,,,,,,,,,,,,,,,,,,,,,,,,,,,,,,,,,,,,,,,,,,,,,,,,,,,,,,,,,,,,,,,,,,,,,,,,,,,,,,,,,,,,,,,,,,,,,,,,,,,,,,,,,,,,
,,,,,,,,,,,,,,,,,,,,,,,,,,,,,,,,,,,,,,,,,,,,,,,,,,,,,,,,,,,,,,,,,,,,,,,,,,,,,,,,,,,,,,,,,,,,,,,,,,,,,,,,,,,,,,,,,,,,,,,,,,,,,,,,,,,,,,,,,,,,,,,,,,,,,,,,,,,,,,,,,,,,,,,,,,,,,,,,,,,,,,,,,,
,,,,,,,,,,,,,,,,,,,,,,,,,,,,,,,,,,,,,,,,,,,,,,,,,,,,,,,,,,,,,,,,,,,,,,,,,,,,,,,,,,,,,,,,,,,,,,,,,,,,,,,,,,,,,,,,,,,,,,,,,,,,,,,,,,,,,,,,,,,,,,,,,,,,,,,,,,,,,,,,,,,,,,,,,,,,,,,,,,,,,,,,,,
,,,,,,,,,,,,,,,,,,,,,,,,,,,,,,,,,,,,,,,,,,,,,,,,,,,,,,,,,,,,,,,,,,,,,,,,,,,,,,,,,,,,,,,,,,,,,,,,,,,,,,,,,,,,,,,,,,,,,,,,,,,,,,,,,,,,,,,,,,,,,,,,,,,,,,,,,,,,,,,,,,,,,,,,,,,,,,,,,,,,,,,,,,
,,,,,,,,,,,,,,,,,,,,,,,,,,,,,,,,,,,,,,,,,,,,,,,,,,,,,,,,,,,,,,,,,,,,,,,,,,,,,,,,,,,,,,,,,,,,,,,,,,,,,,,,,,,,,,,,,,,,,,,,,,,,,,,,,,,,,,,,,,,,,,,,,,,,,,,,,,,,,,,,,,,,,,,,,,,,,,,,,,,,,,,,,,
,,,,,,,,,,,,,,,,,,,,,,,,,,,,,,,,,,,,,,,,,,,,,,,,,,,,,,,,,,,,,,,,,,,,,,,,,,,,,,,,,,,,,,,,,,,,,,,,,,,,,,,,,,,,,,,,,,,,,,,,,,,,,,,,,,,,,,,,,,,,,,,,,,,,,,,,,,,,,,,,,,,,,,,,,,,,,,,,,,,,,,,,,,
,,,,,,,,,,,,,,,,,,,,,,,,,,,,,,,,,,,,,,,,,,,,,,,,,,,,,,,,,,,,,,,,,,,,,,,,,,,,,,,,,,,,,,,,,,,,,,,,,,,,,,,,,,,,,,,,,,,,,,,,,,,,,,,,,,,,,,,,,,,,,,,,,,,,,,,,,,,,,,,,,,,,,,,,,,,,,,,,,,,,,,,,,,
,,,,,,,,,,,,,,,,,,,,,,,,,,,,,,,,,,,,,,,,,,,,,,,,,,,,,,,,,,,,,,,,,,,,,,,,,,,,,,,,,,,,,,,,,,,,,,,,,,,,,,,,,,,,,,,,,,,,,,,,,,,,,,,,,,,,,,,,,,,,,,,,,,,,,,,,,,,,,,,,,,,,,,,,,,,,,,,,,,,,,,,,,,
,,,,,,,,,,,,,,,,,,,,,,,,,,,,,,,,,,,,,,,,,,,,,,,,,,,,,,,,,,,,,,,,,,,,,,,,,,,,,,,,,,,,,,,,,,,,,,,,,,,,,,,,,,,,,,,,,,,,,,,,,,,,,,,,,,,,,,,,,,,,,,,,,,,,,,,,,,,,,,,,,,,,,,,,,,,,,,,,,,,,,,,,,,
,,,,,,,,,,,,,,,,,,,,,,,,,,,,,,,,,,,,,,,,,,,,,,,,,,,,,,,,,,,,,,,,,,,,,,,,,,,,,,,,,,,,,,,,,,,,,,,,,,,,,,,,,,,,,,,,,,,,,,,,,,,,,,,,,,,,,,,,,,,,,,,,,,,,,,,,,,,,,,,,,,,,,,,,,,,,,,,,,,,,,,,,,,